framework,variant,fwv,arch,field_size,mode,N,median_sps,mean_sps,min_sps,max_sps,sd_sps,n_runs,sem_sps,ci95_lo,ci95_hi
cedar,fftw,cedar (fftw),detection,100,headless,5,767.26,768.6179999999999,764.91,775.89,4.257660155531441,5,1.9040835065721256,763.3314166682899,773.90458333171
cedar,fftw,cedar (fftw),detection,100,headless,10,379.76,379.30400000000003,376.25,380.61,1.7437975799960326,5,0.7798499855741512,377.1387893247641,381.46921067523596
cedar,fftw,cedar (fftw),detection,100,headless,50,72.81,72.758,72.51,72.99,0.19524343778985026,5,0.0873155198117713,72.5155732524108,73.00042674758919
cedar,fftw,cedar (fftw),detection,100,headless,100,35.45,35.478,35.4,35.57,0.07328028384224511,5,0.032771939216347905,35.38701050977493,35.56898949022507
cedar,fftw,cedar (fftw),detection,200,headless,5,174.07,174.128,172.31,176.01,1.3546660104985258,5,0.6058250572566295,172.44595998517366,175.8100400148263
cedar,fftw,cedar (fftw),detection,200,headless,10,94.09,94.174,93.69,94.56,0.3447172754591817,5,0.15416225218905005,93.74597696950345,94.60202303049657
cedar,fftw,cedar (fftw),detection,200,headless,50,18.08,18.072,18.02,18.1,0.031144823004795236,5,0.01392838827718428,18.033328594544518,18.11067140545548
cedar,fftw,cedar (fftw),detection,200,headless,100,8.99,8.988,8.98,9,0.008366600265340578,5,0.003741657386773862,8.977611493663163,8.998388506336836
cedar,fftw,cedar (fftw),memory,100,headless,5,747.83,747.8820000000001,742.07,753.45,4.117198076362128,5,1.8412669551154177,742.7698233751074,752.9941766248927
cedar,fftw,cedar (fftw),memory,100,headless,10,369.1,369.288,368.54,370.31,0.649053156528792,5,0.2902653958018381,368.4820940626177,370.0939059373823
cedar,fftw,cedar (fftw),memory,100,headless,50,70.78,70.804,70.6,71.06,0.17386776584520003,5,0.07775602870517669,70.5881146547019,71.0198853452981
cedar,fftw,cedar (fftw),memory,100,headless,100,34.56,34.56,34.53,34.58,0.018708286933868834,5,0.008366600265340364,34.53677059364615,34.58322940635385
cedar,fftw,cedar (fftw),memory,200,headless,5,181.18,181.28,180.43,182.04,0.6403514659934791,5,0.2863738814906128,180.4848986384789,182.0751013615211
cedar,fftw,cedar (fftw),memory,200,headless,10,93.46,93.478,93.21,93.84,0.2568462575160516,5,0.11486513831446153,93.15908324896894,93.79691675103105
cedar,fftw,cedar (fftw),memory,200,headless,50,17.89,17.888,17.83,17.94,0.041472882706656354,5,0.018547236990991815,17.83650461464142,17.939495385358583
cedar,fftw,cedar (fftw),memory,200,headless,100,8.87,8.876,8.87,8.89,0.008944271909999862,5,0.004000000000000314,8.864894219579208,8.887105780420791
cedar,fftw,cedar (fftw),multi-peak,100,headless,5,794.16,793.6,787.78,797.1,3.602249297314123,5,1.610974860139046,789.1272167349703,798.0727832650298
cedar,fftw,cedar (fftw),multi-peak,100,headless,10,393.09,392.406,389.83,394.07,1.8972690900344116,5,0.8484845313852226,390.05022927599947,394.76177072400054
cedar,fftw,cedar (fftw),multi-peak,100,headless,50,74.83,74.742,74.08,75.09,0.38764674640708824,5,0.17336089524457432,74.2606729909655,75.2233270090345
cedar,fftw,cedar (fftw),multi-peak,100,headless,100,36.3,36.3,36.15,36.42,0.09974968671630119,5,0.044609416046391445,36.17614440517226,36.423855594827735
cedar,fftw,cedar (fftw),multi-peak,200,headless,5,179.94,180.278,179.43,181.96,1.0130992054088317,5,0.453071738249034,179.020071190035,181.535928809965
cedar,fftw,cedar (fftw),multi-peak,200,headless,10,95.13,95.222,94.86,95.67,0.3168122472380155,5,0.1416827441857345,94.82862563841452,95.61537436158547
cedar,fftw,cedar (fftw),multi-peak,200,headless,50,18.19,18.220000000000002,18.19,18.27,0.04123105625617616,5,0.018439088914585573,18.168804881838795,18.27119511816121
cedar,fftw,cedar (fftw),multi-peak,200,headless,100,9.05,9.048,9.04,9.06,0.008366600265341426,5,0.003741657386774241,9.037611493663164,9.058388506336836
cedar,fftw,cedar (fftw),selection,100,headless,5,773.92,773.332,768.79,775.38,2.666846452272806,5,1.1926499905672285,770.0206727714755,776.6433272285245
cedar,fftw,cedar (fftw),selection,100,headless,10,385.83,384.45799999999997,381.03,387.02,2.7611356359295365,5,1.2348173954071109,381.0295972867088,387.88640271329115
cedar,fftw,cedar (fftw),selection,100,headless,50,72.75,72.62,72.28,72.85,0.25019992006393416,5,0.11189280584559405,72.30933576690316,72.93066423309685
cedar,fftw,cedar (fftw),selection,100,headless,100,35.58,35.578,35.45,35.67,0.08584870412533874,5,0.038392707640904807,35.471404754795124,35.68459524520488
cedar,fftw,cedar (fftw),selection,200,headless,5,174.26,174.588,173.95,175.4,0.6253558986689162,5,0.27966765991083337,173.81151809455844,175.36448190544155
cedar,fftw,cedar (fftw),selection,200,headless,10,93.84,94.026,91.99,95.74,1.3971864585659286,5,0.6248407797191219,92.29116387562087,95.76083612437913
cedar,fftw,cedar (fftw),selection,200,headless,50,18.11,18.132,18.1,18.19,0.037682887362833734,5,0.0168522995463528,18.085210515413202,18.1787894845868
cedar,fftw,cedar (fftw),selection,200,headless,100,9.02,9.017999999999999,9,9.03,0.013038404810405019,5,0.005830951894845175,9.001810682152913,9.034189317847085
cedar,opencv,cedar (opencv),detection,100,headless,5,829,828.452,823.55,832.55,3.4970730618618706,5,1.563938617721294,824.1098102799979,832.7941897200021
cedar,opencv,cedar (opencv),detection,100,headless,10,410.39,410.284,409.08,411.36,0.9394306786559741,5,0.4201261715247037,409.11754274750473,411.45045725249526
cedar,opencv,cedar (opencv),detection,100,headless,50,80.9,80.89,80.63,81.1,0.1820714145603319,5,0.08142481194328942,80.6639284794384,81.1160715205616
cedar,opencv,cedar (opencv),detection,100,headless,100,38.88,38.906,38.83,39.07,0.09449867723941993,5,0.04226109321823102,38.78866439459394,39.02333560540606
cedar,opencv,cedar (opencv),detection,200,headless,5,232.09,232.08,231.47,232.69,0.4703190406521937,5,0.2103330692021584,231.49602177955245,232.66397822044758
cedar,opencv,cedar (opencv),detection,200,headless,10,114.29,114.498,114.1,115.1,0.44589236369330204,5,0.1994091271732565,113.94435150492805,115.05164849507196
cedar,opencv,cedar (opencv),detection,200,headless,50,21.95,21.936,21.81,22.01,0.0811171991626938,5,0.03627671429443447,21.83527969416456,22.03672030583544
cedar,opencv,cedar (opencv),detection,200,headless,100,10.91,10.912,10.9,10.92,0.008366600265340578,5,0.003741657386773862,10.901611493663165,10.922388506336837
cedar,opencv,cedar (opencv),memory,100,headless,5,292.91,292.25800000000004,286.97,295.17,3.108781111625577,5,1.3902891785524303,288.3979384153987,296.1180615846014
cedar,opencv,cedar (opencv),memory,100,headless,10,168.86,168.98,168.69,169.29,0.2682349716200332,5,0.11995832609702421,168.6469422926802,169.31305770731979
cedar,opencv,cedar (opencv),memory,100,headless,50,33.3,33.336,33.25,33.47,0.0920869154657701,5,0.04118252056394773,33.22165899236052,33.45034100763948
cedar,opencv,cedar (opencv),memory,100,headless,100,16.47,16.468,16.43,16.5,0.028635642126552594,5,0.012806248474865646,16.432444154106012,16.503555845893988
cedar,opencv,cedar (opencv),memory,200,headless,5,122.95,122.978,122.46,123.47,0.3609293559687283,5,0.16141251500425918,122.52984701279875,123.42615298720123
cedar,opencv,cedar (opencv),memory,200,headless,10,63.16,63.108,62.89,63.28,0.1832211778152307,5,0.08193900170248644,62.88050085979833,63.33549914020166
cedar,opencv,cedar (opencv),memory,200,headless,50,12.31,12.304,12.28,12.32,0.018165902124585492,5,0.008124038404636203,12.28144405333701,12.32655594666299
cedar,opencv,cedar (opencv),memory,200,headless,100,6.11,6.106,6.1,6.11,0.005477225575052031,5,0.002449489742783343,6.099199126193417,6.112800873806583
cedar,opencv,cedar (opencv),multi-peak,100,headless,5,884.64,884.4639999999999,878.62,890.18,4.104184450046058,5,1.8354470845001152,879.36798192639,889.5600180736099
cedar,opencv,cedar (opencv),multi-peak,100,headless,10,436.74,436.726,433.55,440.08,2.6979955522572587,5,1.2065802915678632,433.3759960554483,440.0760039445517
cedar,opencv,cedar (opencv),multi-peak,100,headless,50,85.35,85.212,84.7,85.63,0.36368942794642456,5,0.1626468567172434,84.7604199307916,85.66358006920841
cedar,opencv,cedar (opencv),multi-peak,100,headless,100,41.02,41.098,41.01,41.25,0.11344602240713307,5,0.05073460357586277,40.95713815823765,41.23886184176235
cedar,opencv,cedar (opencv),multi-peak,200,headless,5,246.77,246.952,246.64,247.6,0.3926448777203111,5,0.17559612751994164,246.46446699125556,247.43953300874443
cedar,opencv,cedar (opencv),multi-peak,200,headless,10,120.41,120.438,119.9,121.07,0.4176960617482484,5,0.18679935760060662,119.91936183793571,120.9566381620643
cedar,opencv,cedar (opencv),multi-peak,200,headless,50,22.93,22.936,22.91,22.96,0.01949358868961806,5,0.008717797887081406,22.911795512728308,22.960204487271692
cedar,opencv,cedar (opencv),multi-peak,200,headless,100,11.46,11.462,11.45,11.48,0.010954451150103576,5,0.004898979485566469,11.448398252386834,11.475601747613165
cedar,opencv,cedar (opencv),selection,100,headless,5,869.5,869.734,867.06,872.51,2.4105559524723965,5,1.0780333946590062,866.7408994581593,872.7271005418407
cedar,opencv,cedar (opencv),selection,100,headless,10,437.52,437.614,435.99,439.82,1.4899597309994659,5,0.6663302484504212,435.7639706432446,439.46402935675536
cedar,opencv,cedar (opencv),selection,100,headless,50,85.15,85.182,84.9,85.6,0.27923108709453964,5,0.12487593843491097,84.83528881197542,85.52871118802459
cedar,opencv,cedar (opencv),selection,100,headless,100,41.06,41.088,41.03,41.25,0.09230384607371406,5,0.04127953488110034,40.97338963743453,41.20261036256547
cedar,opencv,cedar (opencv),selection,200,headless,5,238.29,238.4,238.01,239.22,0.473022198210613,5,0.211541958013062,237.8126653661307,238.98733463386932
cedar,opencv,cedar (opencv),selection,200,headless,10,116.43,116.42,115.77,117.09,0.4739198244429134,5,0.21194338866782414,115.83155081595419,117.00844918404582
cedar,opencv,cedar (opencv),selection,200,headless,50,22.22,22.226,22.18,22.27,0.035071355833500274,5,0.015684387141358083,22.18245316009335,22.26954683990665
cedar,opencv,cedar (opencv),selection,200,headless,100,11.06,11.068,11.05,11.09,0.016431676725154633,5,0.0073484692283493774,11.047597378580253,11.088402621419746
cosivina,default,cosivina,detection,100,headless,5,826.26,818.048,791.91,831.84,17.353315821479196,5,7.760638762370017,796.5010124950095,839.5949875049905
cosivina,default,cosivina,detection,100,headless,10,368.85,370.504,350.4,386.46,14.385792644133314,5,6.433522052499706,352.64167918815514,388.3663208118449
cosivina,default,cosivina,detection,100,headless,50,76.71,76.31,75.04,77.66,1.1865285500147011,5,0.5306316990154262,74.83673021660583,77.78326978339418
cosivina,default,cosivina,detection,100,headless,100,36.7,35.062,30.22,37.35,2.9760493947513713,5,1.3309297502122344,31.366746609661117,38.757253390338875
cosivina,default,cosivina,detection,200,headless,5,271.33,270.234,264.53,273.37,3.65059995069305,5,1.6325979296814082,265.70118146938,274.76681853061996
cosivina,default,cosivina,detection,200,headless,10,131.91,132.4,131.07,133.81,1.1594395197680654,5,0.518517116400221,130.96036569020933,133.83963430979068
cosivina,default,cosivina,detection,200,headless,50,23.45,23.43,23.3,23.5,0.07713624310270707,5,0.03449637662132046,23.334222703982675,23.525777296017324
cosivina,default,cosivina,detection,200,headless,100,11.81,11.762,11.62,11.82,0.08613942186943259,5,0.038522720568516654,11.655043781038641,11.86895621896136
cosivina,default,cosivina,memory,100,headless,5,375.89,373.072,359.29,380.52,8.460639455738542,5,3.7837129912296406,362.5667285860272,383.5772714139728
cosivina,default,cosivina,memory,100,headless,10,172.23,172.422,169.48,175.85,2.2733609480238743,5,1.01667792343495,169.59924955591637,175.24475044408362
cosivina,default,cosivina,memory,100,headless,50,33.81,33.82,33.64,34.02,0.16507574019219315,5,0.07382411530116761,33.61503139642652,34.024968603573484
cosivina,default,cosivina,memory,100,headless,100,16.41,16.434,16.29,16.57,0.10644247272588186,5,0.04760252094164784,16.301834213736488,16.566165786263515
cosivina,default,cosivina,memory,200,headless,5,113.3,112.24,109.2,113.69,1.8872069308901958,5,0.843984597015845,109.89672309675302,114.58327690324697
cosivina,default,cosivina,memory,200,headless,10,56.88,56.86,56.55,57.11,0.2029778313018454,5,0.0907744457432822,56.607969734439024,57.112030265560975
cosivina,default,cosivina,memory,200,headless,50,10.47,10.518,10.39,10.7,0.12557866060760442,5,0.0561604843283957,10.362073498180889,10.673926501819112
cosivina,default,cosivina,memory,200,headless,100,5.27,5.25,5.14,5.31,0.06892024376045106,5,0.030822070014844858,5.16442421457522,5.33557578542478
cosivina,default,cosivina,multi-peak,100,headless,5,840.59,840.776,833.84,849.15,5.680790437958421,5,2.540526717041166,833.7223670318468,847.8296329681531
cosivina,default,cosivina,multi-peak,100,headless,10,432.37,429.212,422.4,432.99,4.94322971345658,5,2.2106795335371436,423.07416962994984,435.34983037005014
cosivina,default,cosivina,multi-peak,100,headless,50,81.27,81.014,80.15,81.54,0.6211521552727636,5,0.27778768871208076,80.24273773139113,81.78526226860886
cosivina,default,cosivina,multi-peak,100,headless,100,38.65,38.592,38.41,38.68,0.10963576058932693,5,0.049030602688525486,38.45586922316055,38.72813077683945
cosivina,default,cosivina,multi-peak,200,headless,5,302.12,299.408,291.15,303.49,5.2548472860778865,5,2.3500391486100876,292.88324530881835,305.9327546911817
cosivina,default,cosivina,multi-peak,200,headless,10,147.14,147.188,145.38,149,1.555673487593076,5,0.6957183338104587,145.25637623749557,149.1196237625044
cosivina,default,cosivina,multi-peak,200,headless,50,25.64,25.476,24.91,25.71,0.3301969109486037,5,0.1476685477683045,25.066006383357024,25.885993616642974
cosivina,default,cosivina,multi-peak,200,headless,100,12.63,12.482000000000001,11.91,12.72,0.33071135450721995,5,0.14789861392183504,12.071367617311184,12.892632382688818
cosivina,default,cosivina,selection,100,headless,5,717.92,726.116,711.39,743.58,14.894409353848188,5,6.660982359982653,707.6221481308173,744.6098518691826
cosivina,default,cosivina,selection,100,headless,10,371.01,366.674,358.25,371.1,6.142217026449005,5,2.74688296073932,359.0474302491041,374.3005697508959
cosivina,default,cosivina,selection,100,headless,50,70.12,70.366,70.1,70.9,0.36970258316652643,5,0.1653360214835245,69.9069536124392,70.8250463875608
cosivina,default,cosivina,selection,100,headless,100,33.76,33.858,33.57,34.22,0.2720661684223162,5,0.12167168939404113,33.520185233540765,34.19581476645923
cosivina,default,cosivina,selection,200,headless,5,216.72,215.336,210.77,217.4,2.705869546005496,5,1.2101016486229565,211.97621920088903,218.695780799111
cosivina,default,cosivina,selection,200,headless,10,103.2,103.23400000000001,102.54,103.78,0.5421992253775353,5,0.2424788650583796,102.56077074199476,103.90722925800526
cosivina,default,cosivina,selection,200,headless,50,18.71,18.638,18.41,18.85,0.1889973544788399,5,0.08452218643646206,18.40332878918787,18.872671210812133
cosivina,default,cosivina,selection,200,headless,100,9.33,9.411999999999999,9.27,9.61,0.15238110119040316,5,0.06814690014960312,9.22279387264523,9.601206127354768
cosivina-python,nonumba,cosivina-python (nonumba),detection,100,headless,5,105.06,105.2,104.64,105.74,0.4975942121849882,5,0.22253089673121756,104.58215518101534,105.81784481898467
cosivina-python,nonumba,cosivina-python (nonumba),detection,100,headless,10,52.62,52.616,52.48,52.69,0.08384509526501903,5,0.03749666651850566,52.51189256378346,52.72010743621654
cosivina-python,nonumba,cosivina-python (nonumba),detection,100,headless,50,10.36,10.36,10.34,10.38,0.01581138830084212,5,0.007071067811865575,10.340367568385224,10.379632431614775
cosivina-python,nonumba,cosivina-python (nonumba),detection,100,headless,100,5.16,5.144,5.09,5.17,0.03209361307176251,5,0.014352700094407362,5.104150516076511,5.183849483923489
cosivina-python,nonumba,cosivina-python (nonumba),detection,200,headless,5,41.21,41.172,41,41.22,0.09628083921528716,5,0.04305810028322191,41.05245154822953,41.29154845177047
cosivina-python,nonumba,cosivina-python (nonumba),detection,200,headless,10,20.26,20.26,20.23,20.28,0.01870828693386978,5,0.008366600265340788,20.23677059364615,20.283229406353854
cosivina-python,nonumba,cosivina-python (nonumba),detection,200,headless,50,4.04,4.046,4.04,4.06,0.008944271909998969,5,0.003999999999999915,4.0348942195792095,4.057105780420791
cosivina-python,nonumba,cosivina-python (nonumba),detection,200,headless,100,2.02,2.022,2.02,2.03,0.004472135954999484,5,0.0019999999999999575,2.0164471097896044,2.027552890210395
cosivina-python,nonumba,cosivina-python (nonumba),memory,100,headless,5,54.25,54.32,54.04,54.71,0.24949949899749382,5,0.11157956802210736,54.010205454524936,54.629794545475065
cosivina-python,nonumba,cosivina-python (nonumba),memory,100,headless,10,26.89,26.983999999999998,26.82,27.18,0.16772000476985402,5,0.0750066663703965,26.775748108298707,27.19225189170129
cosivina-python,nonumba,cosivina-python (nonumba),memory,100,headless,50,5.41,5.408,5.39,5.42,0.013038404810405326,5,0.005830951894845313,5.391810682152913,5.4241893178470875
cosivina-python,nonumba,cosivina-python (nonumba),memory,100,headless,100,2.73,2.726,2.72,2.73,0.005477225575051544,5,0.002449489742783126,2.7191991261934176,2.7328008738065823
cosivina-python,nonumba,cosivina-python (nonumba),memory,200,headless,5,22.87,22.806,22.3,23.29,0.48159111287481166,5,0.2153740931495706,22.208025653288463,23.40397434671154
cosivina-python,nonumba,cosivina-python (nonumba),memory,200,headless,10,11.42,11.408,11.34,11.46,0.043817804600413575,5,0.01959591794226555,11.353593009547339,11.46240699045266
cosivina-python,nonumba,cosivina-python (nonumba),memory,200,headless,50,2.28,2.286,2.27,2.3,0.013416407864998684,5,0.005999999999999975,2.2693413293688134,2.3026586706311867
cosivina-python,nonumba,cosivina-python (nonumba),memory,200,headless,100,1.15,1.146,1.14,1.15,0.0054772255750516665,5,0.0024494897427831805,1.1391991261934173,1.1528008738065825
cosivina-python,nonumba,cosivina-python (nonumba),multi-peak,100,headless,5,108.79,108.786,108.53,109.05,0.19969977466186442,5,0.08930845424706378,108.53803997935296,109.03396002064704
cosivina-python,nonumba,cosivina-python (nonumba),multi-peak,100,headless,10,54.06,54.048,53.9,54.15,0.0909395403551176,5,0.040669398815325664,53.935083646727854,54.16091635327215
cosivina-python,nonumba,cosivina-python (nonumba),multi-peak,100,headless,50,10.72,10.724,10.68,10.77,0.03361547262794309,5,0.015033296378372847,10.68226087785528,10.765739122144721
cosivina-python,nonumba,cosivina-python (nonumba),multi-peak,100,headless,100,5.33,5.33,5.27,5.39,0.044721359549995836,5,0.020000000000000018,5.274471097896044,5.385528902103956
cosivina-python,nonumba,cosivina-python (nonumba),multi-peak,200,headless,5,44.16,44.156,43.68,44.47,0.2982113344593054,5,0.13336416310238647,43.78572172214558,44.526278277854416
cosivina-python,nonumba,cosivina-python (nonumba),multi-peak,200,headless,10,21.69,21.706,21.47,21.89,0.16742162345408118,5,0.07487322618933973,21.49811859763624,21.91388140236376
cosivina-python,nonumba,cosivina-python (nonumba),multi-peak,200,headless,50,4.27,4.252,4.18,4.3,0.04764451699828639,5,0.02130727575266252,4.19284151853142,4.3111584814685795
cosivina-python,nonumba,cosivina-python (nonumba),multi-peak,200,headless,100,2.13,2.124,2.11,2.13,0.008944271909999142,5,0.003999999999999992,2.112894219579209,2.1351057804207914
cosivina-python,nonumba,cosivina-python (nonumba),selection,100,headless,5,69.01,69,68.36,69.4,0.39943710393502757,5,0.17863370342687407,68.5040333284971,69.4959666715029
cosivina-python,nonumba,cosivina-python (nonumba),selection,100,headless,10,34.19,34.186,34.1,34.28,0.0698569967862916,5,0.031240998703626476,34.09926108206783,34.27273891793217
cosivina-python,nonumba,cosivina-python (nonumba),selection,100,headless,50,6.84,6.826,6.78,6.85,0.027928480087537653,5,0.012489995996796692,6.791322211750753,6.860677788249246
cosivina-python,nonumba,cosivina-python (nonumba),selection,100,headless,100,3.41,3.41,3.4,3.42,0.007071067811865481,5,0.003162277660168382,3.4012201096691492,3.418779890330851
cosivina-python,nonumba,cosivina-python (nonumba),selection,200,headless,5,27.82,27.536,26.32,28.44,0.9818502940876476,5,0.43909680026162795,26.316871838205593,28.75512816179441
cosivina-python,nonumba,cosivina-python (nonumba),selection,200,headless,10,13.78,13.746,13.52,14.09,0.22711230702011714,5,0.10156771140475693,13.46400282482412,14.02799717517588
cosivina-python,nonumba,cosivina-python (nonumba),selection,200,headless,50,2.76,2.768,2.75,2.8,0.021679483388678727,5,0.009695359714832626,2.741081365976621,2.7949186340233787
cosivina-python,nonumba,cosivina-python (nonumba),selection,200,headless,100,1.4,1.394,1.37,1.41,0.015165750888103027,5,0.006782329983125235,1.3751692331165155,1.4128307668834843
cosivina-python,numba,cosivina-python (numba),detection,100,headless,5,416.16,416.134,415.97,416.23,0.10454664030947047,5,0.04675467891023912,416.00418820059457,416.26381179940546
cosivina-python,numba,cosivina-python (numba),detection,100,headless,10,207.76,207.774,207.65,207.92,0.11523888232709942,5,0.05153639490689869,207.6309120286212,207.9170879713788
cosivina-python,numba,cosivina-python (numba),detection,100,headless,50,40.6,40.562000000000005,40.45,40.68,0.10616025621672066,5,0.047476309881876406,40.430184631815614,40.693815368184396
cosivina-python,numba,cosivina-python (numba),detection,100,headless,100,20.11,20.11,20.08,20.16,0.0331662479035549,5,0.014832396974191728,20.068818664022654,20.151181335977345
cosivina-python,numba,cosivina-python (numba),detection,200,headless,5,109.17,108.652,106.59,109.85,1.349007042235138,5,0.6032942897127396,106.97698652233329,110.32701347766671
cosivina-python,numba,cosivina-python (numba),detection,200,headless,10,54.05,54.034,53.81,54.38,0.2245662485771186,5,0.10042907945411052,53.75516417393011,54.312835826069886
cosivina-python,numba,cosivina-python (numba),detection,200,headless,50,10.46,10.468,10.44,10.51,0.03114482300479501,5,0.01392838827718418,10.429328594544518,10.506671405455482
cosivina-python,numba,cosivina-python (numba),detection,200,headless,100,5.27,5.262,5.21,5.29,0.033466401061363026,5,0.014966629547095767,5.220445974652657,5.303554025347342
cosivina-python,numba,cosivina-python (numba),memory,100,headless,5,201.04,200.88799999999998,195.98,203.89,3.160026898619692,5,1.4132069912082936,196.96430836662842,204.81169163337154
cosivina-python,numba,cosivina-python (numba),memory,100,headless,10,100.17,100.024,98.61,101.87,1.2577281105231,5,0.562473110468404,98.46232428563462,101.58567571436538
cosivina-python,numba,cosivina-python (numba),memory,100,headless,50,19.71,19.732,19.64,19.93,0.11713240371477056,5,0.05238320341483517,19.586560911284298,19.8774390887157
cosivina-python,numba,cosivina-python (numba),memory,100,headless,100,9.85,9.847999999999999,9.79,9.9,0.041472882706655737,5,0.018547236990991537,9.796504614641417,9.89949538535858
cosivina-python,numba,cosivina-python (numba),memory,200,headless,5,49.63,49.914,49.48,51.11,0.6741142336429337,5,0.3014730502051551,49.07697662540885,50.751023374591156
cosivina-python,numba,cosivina-python (numba),memory,200,headless,10,25.34,25.344,25.26,25.42,0.06693280212272562,5,0.02993325909419134,25.260891949305318,25.427108050694684
cosivina-python,numba,cosivina-python (numba),memory,200,headless,50,5.03,5.034,5.03,5.04,0.005477225575051544,5,0.002449489742783126,5.027199126193417,5.040800873806583
cosivina-python,numba,cosivina-python (numba),memory,200,headless,100,2.53,2.526,2.5,2.54,0.016733200530681513,5,0.007483314773547883,2.5052229873263285,2.546777012673671
cosivina-python,numba,cosivina-python (numba),multi-peak,100,headless,5,423.37,421.9,413.79,425.77,4.845833261679553,5,2.1671225161490013,415.88310329767415,427.9168967023258
cosivina-python,numba,cosivina-python (numba),multi-peak,100,headless,10,209.39,209.388,204.42,213.09,3.1870707554116278,5,1.425301371640401,205.4307289832773,213.3452710167227
cosivina-python,numba,cosivina-python (numba),multi-peak,100,headless,50,40.92,40.628,39.02,41.17,0.9070115765523606,5,0.4056279083100665,39.5017963794409,41.7542036205591
cosivina-python,numba,cosivina-python (numba),multi-peak,100,headless,100,20.21,19.978,19.42,20.3,0.40653413140842104,5,0.18180759060061236,19.473221204989127,20.482778795010876
cosivina-python,numba,cosivina-python (numba),multi-peak,200,headless,5,116.11,116.146,115.61,116.5,0.3583713158164315,5,0.16026852467031727,115.70102323916183,116.59097676083817
cosivina-python,numba,cosivina-python (numba),multi-peak,200,headless,10,56.91,56.464,54.37,57.45,1.268495171453168,5,0.5672882864999068,54.88895521371129,58.039044786288706
cosivina-python,numba,cosivina-python (numba),multi-peak,200,headless,50,11.12,11.112,11.08,11.13,0.021679483388679074,5,0.00969535971483278,11.08508136597662,11.13891863402338
cosivina-python,numba,cosivina-python (numba),multi-peak,200,headless,100,5.54,5.52,5.42,5.57,0.060415229867972896,5,0.027018512172212607,5.444984584129733,5.595015415870266
cosivina-python,numba,cosivina-python (numba),selection,100,headless,5,403.1,403.35200000000003,402.54,404.72,0.8300120481053341,5,0.3711926723414705,402.3214039217923,404.38259607820777
cosivina-python,numba,cosivina-python (numba),selection,100,headless,10,201.83,201.702,201.21,202.01,0.33603571238783075,5,0.15027973915335155,201.28475655381726,202.11924344618274
cosivina-python,numba,cosivina-python (numba),selection,100,headless,50,39.31,39.32,39.25,39.38,0.04898979485566433,5,0.021908902300206985,39.259171135448334,39.38082886455167
cosivina-python,numba,cosivina-python (numba),selection,100,headless,100,19.46,19.454,19.43,19.47,0.01516575088810313,5,0.006782329983125281,19.435169233116515,19.472830766883487
cosivina-python,numba,cosivina-python (numba),selection,200,headless,5,102.65,102.102,100.02,102.8,1.1828651656042641,5,0.5289933837015361,100.63327890913986,103.57072109086015
cosivina-python,numba,cosivina-python (numba),selection,200,headless,10,48.98,49.36,48.06,50.6,1.1279184367674813,5,0.5044204595374773,47.95950428415555,50.76049571584445
cosivina-python,numba,cosivina-python (numba),selection,200,headless,50,9.72,9.714,9.57,9.82,0.0968504001024259,5,0.04331281565541538,9.593744344981188,9.834255655018813
cosivina-python,numba,cosivina-python (numba),selection,200,headless,100,4.85,4.85,4.81,4.91,0.03937003937005917,5,0.01760681686165906,4.801115639506333,4.898884360493667
dnfc,default,dnfc,detection,100,headless,5,1550.01,1553.02,1524.86,1575.16,20.250109876245176,5,9.056124447024812,1527.876167606996,1578.163832393004
dnfc,default,dnfc,detection,100,headless,10,775.39,774.77,762.5,785.95,8.488118166001245,5,3.7960018440459256,764.2306092607769,785.3093907392231
dnfc,default,dnfc,detection,100,headless,50,128.71,128.626,127.23,129.81,0.920613925595306,5,0.4117110637328075,127.48290683234328,129.76909316765673
dnfc,default,dnfc,detection,100,headless,100,62.03,62,61.5,62.38,0.3865876356015552,5,0.17288724649319903,61.51998805072283,62.48001194927717
dnfc,default,dnfc,detection,200,headless,5,400.13,398.72200000000004,393.73,400.97,2.956783725604562,5,1.3223138810433772,395.05066809744204,402.39333190255803
dnfc,default,dnfc,detection,200,headless,10,180.54,180.56,178.78,183.33,1.8018462753520403,5,0.8058101513383932,178.32271234959782,182.79728765040218
dnfc,default,dnfc,detection,200,headless,50,31.55,31.546,31.47,31.65,0.06877499545619732,5,0.030757112998459273,31.46060456416541,31.631395435834587
dnfc,default,dnfc,detection,200,headless,100,15.7,15.693999999999999,15.66,15.72,0.021908902300206704,5,0.00979795897113274,15.666796504773668,15.72120349522633
dnfc,default,dnfc,memory,100,headless,5,962.55,964.932,961.07,970.11,4.5735675353054654,5,2.045361581725838,959.2531658480577,970.6108341519423
dnfc,default,dnfc,memory,100,headless,10,485.22,485.33,482.05,488.02,2.2392297782943014,5,1.0014140003015681,482.54962900058615,488.1103709994138
dnfc,default,dnfc,memory,100,headless,50,84.93,84.89,84.14,85.46,0.5871541535235864,5,0.26258332011001734,84.16095182617396,85.61904817382604
dnfc,default,dnfc,memory,100,headless,100,41.46,41.46,41.32,41.63,0.13729530217746133,5,0.06140032573203568,41.28952536616374,41.630474633836265
dnfc,default,dnfc,memory,200,headless,5,243.46,242.898,239.72,244.66,2.0203267062532255,5,0.9035175703880923,240.3894330642358,245.4065669357642
dnfc,default,dnfc,memory,200,headless,10,114.13,114.13,113.39,115.12,0.6338375186118307,5,0.2834607556611683,113.34298677242887,114.91701322757112
dnfc,default,dnfc,memory,200,headless,50,21.01,21.02,21,21.06,0.02345207879911627,5,0.010488088481701123,20.9908803980721,21.0491196019279
dnfc,default,dnfc,memory,200,headless,100,10.58,10.574,10.56,10.59,0.013416407864998451,5,0.005999999999999872,10.557341329368814,10.590658670631186
dnfc,default,dnfc,multi-peak,100,headless,5,1569.23,1566.27,1529.69,1602.68,28.17815732087535,5,12.601655050032127,1531.2821965189473,1601.2578034810526
dnfc,default,dnfc,multi-peak,100,headless,10,782.66,781.202,772.16,788.68,7.0475329016613815,5,3.1517525283562375,772.4513321198506,789.9526678801494
dnfc,default,dnfc,multi-peak,100,headless,50,128.03,127.46,125.5,128.88,1.3887584383181968,5,0.6210716544811873,125.7356286449386,129.1843713550614
dnfc,default,dnfc,multi-peak,100,headless,100,60.65,60.65,60.36,60.96,0.22869193252058523,5,0.10227414140436468,60.366041460709546,60.93395853929045
dnfc,default,dnfc,multi-peak,200,headless,5,402.81,400.978,395.85,404.2,3.6397348804548795,5,1.6277389225548362,396.4586722359327,405.49732776406734
dnfc,default,dnfc,multi-peak,200,headless,10,177.57,177.638,175.29,179.9,1.643827849867502,5,0.7351421631222106,175.59691813957483,179.67908186042519
dnfc,default,dnfc,multi-peak,200,headless,50,31.26,31.2,31.02,31.31,0.12864680330268635,5,0.057532599454570225,31.040263895855052,31.359736104144947
dnfc,default,dnfc,multi-peak,200,headless,100,15.58,15.576,15.54,15.61,0.030495901363953686,5,0.013638181696985798,15.538134337183607,15.613865662816394
dnfc,default,dnfc,selection,100,headless,5,1443.04,1446.84,1428.67,1472.28,15.90188196409466,5,7.1115378083787055,1427.0952056614979,1466.584794338502
dnfc,default,dnfc,selection,100,headless,10,715.87,713.38,703.33,720.19,7.17959608891754,5,3.2108129811622486,704.4653540147465,722.2946459852535
dnfc,default,dnfc,selection,100,headless,50,121.21,120.762,119.39,122.06,1.1023021364399153,5,0.4929645017645797,119.39331112203946,122.13068887796054
dnfc,default,dnfc,selection,100,headless,100,58.5,58.388,57.88,58.68,0.3142769479296871,5,0.14054892386638843,57.997773628290346,58.77822637170965
dnfc,default,dnfc,selection,200,headless,5,374.29,374.444,368.59,381.7,4.7792865576359835,5,2.137361925365005,368.5097319442842,380.3782680557158
dnfc,default,dnfc,selection,200,headless,10,164.82,164.648,162.83,165.91,1.120388325537171,5,0.5010528914196556,163.25685415217268,166.0391458478273
dnfc,default,dnfc,selection,200,headless,50,29.56,29.602,29.53,29.71,0.07529940238806697,5,0.033674916480965544,29.50850344296848,29.69549655703152
dnfc,default,dnfc,selection,200,headless,100,14.67,14.69,14.64,14.75,0.04743416490252562,5,0.021213203435596392,14.631102705155673,14.748897294844326
