cedar,opencv,detection,100,headless,5,1,832.87
cedar,opencv,detection,100,headless,5,2,844.22
cedar,opencv,detection,100,headless,5,3,844.80
cedar,opencv,detection,100,headless,5,4,839.36
cedar,opencv,detection,100,headless,5,5,841.54
cedar,opencv,detection,100,headless,5,6,843.30
cedar,opencv,detection,100,headless,5,7,833.93
cedar,opencv,detection,100,headless,5,8,828.37
cedar,opencv,detection,100,headless,5,9,825.78
cedar,opencv,detection,100,headless,5,10,835.52
cedar,opencv,detection,100,headless,10,1,411.94
cedar,opencv,detection,100,headless,10,2,418.73
cedar,opencv,detection,100,headless,10,3,413.21
cedar,opencv,detection,100,headless,10,4,418.26
cedar,opencv,detection,100,headless,10,5,420.93
cedar,opencv,detection,100,headless,10,6,415.45
cedar,opencv,detection,100,headless,10,7,417.28
cedar,opencv,detection,100,headless,10,8,411.48
cedar,opencv,detection,100,headless,10,9,418.25
cedar,opencv,detection,100,headless,10,10,413.54
cedar,opencv,detection,100,headless,50,1,82.56
cedar,opencv,detection,100,headless,50,2,81.96
cedar,opencv,detection,100,headless,50,3,82.21
cedar,opencv,detection,100,headless,50,4,81.93
cedar,opencv,detection,100,headless,50,5,82.03
cedar,opencv,detection,100,headless,50,6,81.80
cedar,opencv,detection,100,headless,50,7,82.38
cedar,opencv,detection,100,headless,50,8,82.24
cedar,opencv,detection,100,headless,50,9,82.05
cedar,opencv,detection,100,headless,50,10,82.12
cedar,opencv,detection,100,headless,100,1,39.55
cedar,opencv,detection,100,headless,100,2,39.52
cedar,opencv,detection,100,headless,100,3,39.66
cedar,opencv,detection,100,headless,100,4,39.72
cedar,opencv,detection,100,headless,100,5,39.71
cedar,opencv,detection,100,headless,100,6,39.64
cedar,opencv,detection,100,headless,100,7,39.70
cedar,opencv,detection,100,headless,100,8,39.70
cedar,opencv,detection,100,headless,100,9,39.67
cedar,opencv,detection,100,headless,100,10,39.65
cedar,fftw,detection,100,headless,5,1,780.82
cedar,fftw,detection,100,headless,5,2,781.93
cedar,fftw,detection,100,headless,5,3,782.55
cedar,fftw,detection,100,headless,5,4,781.27
cedar,fftw,detection,100,headless,5,5,769.95
cedar,fftw,detection,100,headless,5,6,760.43
cedar,fftw,detection,100,headless,5,7,770.20
cedar,fftw,detection,100,headless,5,8,779.03
cedar,fftw,detection,100,headless,5,9,763.82
cedar,fftw,detection,100,headless,5,10,751.12
cedar,fftw,detection,100,headless,10,1,385.84
cedar,fftw,detection,100,headless,10,2,382.75
cedar,fftw,detection,100,headless,10,3,386.35
cedar,fftw,detection,100,headless,10,4,385.80
cedar,fftw,detection,100,headless,10,5,383.79
cedar,fftw,detection,100,headless,10,6,386.33
cedar,fftw,detection,100,headless,10,7,382.59
cedar,fftw,detection,100,headless,10,8,385.68
cedar,fftw,detection,100,headless,10,9,385.07
cedar,fftw,detection,100,headless,10,10,381.91
cedar,fftw,detection,100,headless,50,1,73.07
cedar,fftw,detection,100,headless,50,2,73.25
cedar,fftw,detection,100,headless,50,3,73.34
cedar,fftw,detection,100,headless,50,4,72.49
cedar,fftw,detection,100,headless,50,5,72.76
cedar,fftw,detection,100,headless,50,6,70.80
cedar,fftw,detection,100,headless,50,7,70.32
cedar,fftw,detection,100,headless,50,8,70.23
cedar,fftw,detection,100,headless,50,9,71.04
cedar,fftw,detection,100,headless,50,10,72.53
cedar,fftw,detection,100,headless,100,1,35.95
cedar,fftw,detection,100,headless,100,2,35.91
cedar,fftw,detection,100,headless,100,3,35.80
cedar,fftw,detection,100,headless,100,4,35.64
cedar,fftw,detection,100,headless,100,5,35.94
cedar,fftw,detection,100,headless,100,6,35.73
cedar,fftw,detection,100,headless,100,7,35.80
cedar,fftw,detection,100,headless,100,8,35.94
cedar,fftw,detection,100,headless,100,9,35.69
cedar,fftw,detection,100,headless,100,10,35.66
cedar,opencv,selection,100,headless,5,1,898.13
cedar,opencv,selection,100,headless,5,2,892.75
cedar,opencv,selection,100,headless,5,3,898.75
cedar,opencv,selection,100,headless,5,4,899.24
cedar,opencv,selection,100,headless,5,5,898.90
cedar,opencv,selection,100,headless,5,6,888.09
cedar,opencv,selection,100,headless,5,7,893.03
cedar,opencv,selection,100,headless,5,8,890.78
cedar,opencv,selection,100,headless,5,9,886.41
cedar,opencv,selection,100,headless,5,10,899.31
cedar,opencv,selection,100,headless,10,1,425.81
cedar,opencv,selection,100,headless,10,2,443.38
cedar,opencv,selection,100,headless,10,3,438.25
cedar,opencv,selection,100,headless,10,4,440.65
cedar,opencv,selection,100,headless,10,5,439.64
cedar,opencv,selection,100,headless,10,6,432.04
cedar,opencv,selection,100,headless,10,7,442.69
cedar,opencv,selection,100,headless,10,8,437.08
cedar,opencv,selection,100,headless,10,9,442.58
cedar,opencv,selection,100,headless,10,10,437.74
cedar,opencv,selection,100,headless,50,1,84.60
cedar,opencv,selection,100,headless,50,2,85.23
cedar,opencv,selection,100,headless,50,3,84.40
cedar,opencv,selection,100,headless,50,4,83.91
cedar,opencv,selection,100,headless,50,5,83.43
cedar,opencv,selection,100,headless,50,6,83.56
cedar,opencv,selection,100,headless,50,7,85.09
cedar,opencv,selection,100,headless,50,8,84.93
cedar,opencv,selection,100,headless,50,9,84.31
cedar,opencv,selection,100,headless,50,10,84.24
cedar,opencv,selection,100,headless,100,1,40.67
cedar,opencv,selection,100,headless,100,2,40.28
cedar,opencv,selection,100,headless,100,3,40.35
cedar,opencv,selection,100,headless,100,4,40.81
cedar,opencv,selection,100,headless,100,5,40.20
cedar,opencv,selection,100,headless,100,6,41.38
cedar,opencv,selection,100,headless,100,7,41.03
cedar,opencv,selection,100,headless,100,8,41.13
cedar,opencv,selection,100,headless,100,9,40.80
cedar,opencv,selection,100,headless,100,10,40.69
cedar,fftw,selection,100,headless,5,1,783.96
cedar,fftw,selection,100,headless,5,2,785.78
cedar,fftw,selection,100,headless,5,3,788.76
cedar,fftw,selection,100,headless,5,4,787.77
cedar,fftw,selection,100,headless,5,5,765.42
cedar,fftw,selection,100,headless,5,6,783.22
cedar,fftw,selection,100,headless,5,7,781.60
cedar,fftw,selection,100,headless,5,8,778.28
cedar,fftw,selection,100,headless,5,9,769.51
cedar,fftw,selection,100,headless,5,10,770.95
cedar,fftw,selection,100,headless,10,1,382.20
cedar,fftw,selection,100,headless,10,2,379.58
cedar,fftw,selection,100,headless,10,3,380.77
cedar,fftw,selection,100,headless,10,4,374.11
cedar,fftw,selection,100,headless,10,5,372.93
cedar,fftw,selection,100,headless,10,6,374.12
cedar,fftw,selection,100,headless,10,7,376.09
cedar,fftw,selection,100,headless,10,8,373.49
cedar,fftw,selection,100,headless,10,9,369.10
cedar,fftw,selection,100,headless,10,10,371.41
cedar,fftw,selection,100,headless,50,1,70.73
cedar,fftw,selection,100,headless,50,2,70.11
cedar,fftw,selection,100,headless,50,3,73.00
cedar,fftw,selection,100,headless,50,4,73.90
cedar,fftw,selection,100,headless,50,5,73.67
cedar,fftw,selection,100,headless,50,6,71.00
cedar,fftw,selection,100,headless,50,7,70.33
cedar,fftw,selection,100,headless,50,8,70.68
cedar,fftw,selection,100,headless,50,9,71.03
cedar,fftw,selection,100,headless,50,10,70.70
cedar,fftw,selection,100,headless,100,1,34.78
cedar,fftw,selection,100,headless,100,2,34.73
cedar,fftw,selection,100,headless,100,3,34.87
cedar,fftw,selection,100,headless,100,4,34.88
cedar,fftw,selection,100,headless,100,5,34.92
cedar,fftw,selection,100,headless,100,6,34.63
cedar,fftw,selection,100,headless,100,7,35.13
cedar,fftw,selection,100,headless,100,8,34.91
cedar,fftw,selection,100,headless,100,9,34.92
cedar,fftw,selection,100,headless,100,10,35.36
cedar,opencv,memory,100,headless,5,1,345.84
cedar,opencv,memory,100,headless,5,2,345.13
cedar,opencv,memory,100,headless,5,3,343.72
cedar,opencv,memory,100,headless,5,4,344.68
cedar,opencv,memory,100,headless,5,5,343.31
cedar,opencv,memory,100,headless,5,6,345.81
cedar,opencv,memory,100,headless,5,7,344.57
cedar,opencv,memory,100,headless,5,8,343.30
cedar,opencv,memory,100,headless,5,9,346.63
cedar,opencv,memory,100,headless,5,10,343.21
cedar,opencv,memory,100,headless,10,1,170.59
cedar,opencv,memory,100,headless,10,2,171.15
cedar,opencv,memory,100,headless,10,3,170.69
cedar,opencv,memory,100,headless,10,4,171.12
cedar,opencv,memory,100,headless,10,5,171.27
cedar,opencv,memory,100,headless,10,6,171.09
cedar,opencv,memory,100,headless,10,7,170.12
cedar,opencv,memory,100,headless,10,8,169.83
cedar,opencv,memory,100,headless,10,9,169.92
cedar,opencv,memory,100,headless,10,10,172.16
cedar,opencv,memory,100,headless,50,1,33.71
cedar,opencv,memory,100,headless,50,2,33.72
cedar,opencv,memory,100,headless,50,3,33.76
cedar,opencv,memory,100,headless,50,4,33.85
cedar,opencv,memory,100,headless,50,5,33.74
cedar,opencv,memory,100,headless,50,6,33.64
cedar,opencv,memory,100,headless,50,7,33.36
cedar,opencv,memory,100,headless,50,8,32.63
cedar,opencv,memory,100,headless,50,9,33.01
cedar,opencv,memory,100,headless,50,10,33.30
cedar,opencv,memory,100,headless,100,1,16.11
cedar,opencv,memory,100,headless,100,2,16.26
cedar,opencv,memory,100,headless,100,3,16.34
cedar,opencv,memory,100,headless,100,4,16.23
cedar,opencv,memory,100,headless,100,5,16.67
cedar,opencv,memory,100,headless,100,6,16.77
cedar,opencv,memory,100,headless,100,7,16.76
cedar,opencv,memory,100,headless,100,8,16.55
cedar,opencv,memory,100,headless,100,9,16.26
cedar,opencv,memory,100,headless,100,10,16.28
cedar,fftw,memory,100,headless,5,1,745.35
cedar,fftw,memory,100,headless,5,2,753.66
cedar,fftw,memory,100,headless,5,3,753.64
cedar,fftw,memory,100,headless,5,4,748.69
cedar,fftw,memory,100,headless,5,5,733.78
cedar,fftw,memory,100,headless,5,6,740.97
cedar,fftw,memory,100,headless,5,7,738.47
cedar,fftw,memory,100,headless,5,8,745.09
cedar,fftw,memory,100,headless,5,9,731.51
cedar,fftw,memory,100,headless,5,10,732.74
cedar,fftw,memory,100,headless,10,1,359.06
cedar,fftw,memory,100,headless,10,2,359.48
cedar,fftw,memory,100,headless,10,3,358.60
cedar,fftw,memory,100,headless,10,4,359.59
cedar,fftw,memory,100,headless,10,5,359.87
cedar,fftw,memory,100,headless,10,6,359.73
cedar,fftw,memory,100,headless,10,7,360.41
cedar,fftw,memory,100,headless,10,8,361.32
cedar,fftw,memory,100,headless,10,9,362.86
cedar,fftw,memory,100,headless,10,10,361.15
cedar,fftw,memory,100,headless,50,1,68.87
cedar,fftw,memory,100,headless,50,2,69.87
cedar,fftw,memory,100,headless,50,3,69.25
cedar,fftw,memory,100,headless,50,4,69.85
cedar,fftw,memory,100,headless,50,5,71.27
cedar,fftw,memory,100,headless,50,6,70.88
cedar,fftw,memory,100,headless,50,7,71.19
cedar,fftw,memory,100,headless,50,8,69.69
cedar,fftw,memory,100,headless,50,9,69.73
cedar,fftw,memory,100,headless,50,10,69.76
cedar,fftw,memory,100,headless,100,1,35.48
cedar,fftw,memory,100,headless,100,2,35.58
cedar,fftw,memory,100,headless,100,3,35.62
cedar,fftw,memory,100,headless,100,4,35.71
cedar,fftw,memory,100,headless,100,5,35.66
cedar,fftw,memory,100,headless,100,6,35.58
cedar,fftw,memory,100,headless,100,7,35.56
cedar,fftw,memory,100,headless,100,8,35.61
cedar,fftw,memory,100,headless,100,9,35.22
cedar,fftw,memory,100,headless,100,10,35.44
cedar,opencv,multi-peak,100,headless,5,1,883.03
cedar,opencv,multi-peak,100,headless,5,2,888.78
cedar,opencv,multi-peak,100,headless,5,3,891.23
cedar,opencv,multi-peak,100,headless,5,4,891.09
cedar,opencv,multi-peak,100,headless,5,5,894.41
cedar,opencv,multi-peak,100,headless,5,6,873.37
cedar,opencv,multi-peak,100,headless,5,7,874.13
cedar,opencv,multi-peak,100,headless,5,8,874.52
cedar,opencv,multi-peak,100,headless,5,9,878.16
cedar,opencv,multi-peak,100,headless,5,10,900.25
cedar,opencv,multi-peak,100,headless,10,1,439.59
cedar,opencv,multi-peak,100,headless,10,2,431.58
cedar,opencv,multi-peak,100,headless,10,3,439.53
cedar,opencv,multi-peak,100,headless,10,4,439.56
cedar,opencv,multi-peak,100,headless,10,5,438.60
cedar,opencv,multi-peak,100,headless,10,6,435.28
cedar,opencv,multi-peak,100,headless,10,7,440.36
cedar,opencv,multi-peak,100,headless,10,8,437.72
cedar,opencv,multi-peak,100,headless,10,9,439.18
cedar,opencv,multi-peak,100,headless,10,10,440.40
cedar,opencv,multi-peak,100,headless,50,1,87.28
cedar,opencv,multi-peak,100,headless,50,2,86.81
cedar,opencv,multi-peak,100,headless,50,3,87.12
cedar,opencv,multi-peak,100,headless,50,4,87.09
cedar,opencv,multi-peak,100,headless,50,5,86.56
cedar,opencv,multi-peak,100,headless,50,6,87.27
cedar,opencv,multi-peak,100,headless,50,7,87.14
cedar,opencv,multi-peak,100,headless,50,8,87.00
cedar,opencv,multi-peak,100,headless,50,9,87.08
cedar,opencv,multi-peak,100,headless,50,10,87.03
cedar,opencv,multi-peak,100,headless,100,1,41.83
cedar,opencv,multi-peak,100,headless,100,2,41.85
cedar,opencv,multi-peak,100,headless,100,3,41.70
cedar,opencv,multi-peak,100,headless,100,4,41.72
cedar,opencv,multi-peak,100,headless,100,5,41.75
cedar,opencv,multi-peak,100,headless,100,6,41.65
cedar,opencv,multi-peak,100,headless,100,7,41.64
cedar,opencv,multi-peak,100,headless,100,8,41.11
cedar,opencv,multi-peak,100,headless,100,9,39.93
cedar,opencv,multi-peak,100,headless,100,10,40.37
cedar,fftw,multi-peak,100,headless,5,1,803.50
cedar,fftw,multi-peak,100,headless,5,2,804.70
cedar,fftw,multi-peak,100,headless,5,3,807.74
cedar,fftw,multi-peak,100,headless,5,4,805.39
cedar,fftw,multi-peak,100,headless,5,5,767.36
cedar,fftw,multi-peak,100,headless,5,6,785.66
cedar,fftw,multi-peak,100,headless,5,7,780.99
cedar,fftw,multi-peak,100,headless,5,8,769.91
cedar,fftw,multi-peak,100,headless,5,9,780.84
cedar,fftw,multi-peak,100,headless,5,10,753.72
cedar,fftw,multi-peak,100,headless,10,1,385.70
cedar,fftw,multi-peak,100,headless,10,2,382.40
cedar,fftw,multi-peak,100,headless,10,3,382.46
cedar,fftw,multi-peak,100,headless,10,4,391.16
cedar,fftw,multi-peak,100,headless,10,5,385.96
cedar,fftw,multi-peak,100,headless,10,6,388.79
cedar,fftw,multi-peak,100,headless,10,7,382.39
cedar,fftw,multi-peak,100,headless,10,8,389.82
cedar,fftw,multi-peak,100,headless,10,9,385.22
cedar,fftw,multi-peak,100,headless,10,10,387.75
cedar,fftw,multi-peak,100,headless,50,1,72.93
cedar,fftw,multi-peak,100,headless,50,2,72.08
cedar,fftw,multi-peak,100,headless,50,3,71.80
cedar,fftw,multi-peak,100,headless,50,4,72.06
cedar,fftw,multi-peak,100,headless,50,5,72.46
cedar,fftw,multi-peak,100,headless,50,6,73.57
cedar,fftw,multi-peak,100,headless,50,7,71.66
cedar,fftw,multi-peak,100,headless,50,8,72.21
cedar,fftw,multi-peak,100,headless,50,9,71.58
cedar,fftw,multi-peak,100,headless,50,10,73.11
cedar,fftw,multi-peak,100,headless,100,1,35.61
cedar,fftw,multi-peak,100,headless,100,2,35.33
cedar,fftw,multi-peak,100,headless,100,3,35.44
cedar,fftw,multi-peak,100,headless,100,4,35.61
cedar,fftw,multi-peak,100,headless,100,5,35.67
cedar,fftw,multi-peak,100,headless,100,6,35.79
cedar,fftw,multi-peak,100,headless,100,7,35.48
cedar,fftw,multi-peak,100,headless,100,8,35.46
cedar,fftw,multi-peak,100,headless,100,9,36.71
cedar,fftw,multi-peak,100,headless,100,10,36.62
cedar,opencv,detection,200,headless,5,1,231.52
cedar,opencv,detection,200,headless,5,2,225.08
cedar,opencv,detection,200,headless,5,3,224.31
cedar,opencv,detection,200,headless,5,4,226.00
cedar,opencv,detection,200,headless,5,5,225.77
cedar,opencv,detection,200,headless,5,6,226.89
cedar,opencv,detection,200,headless,5,7,224.63
cedar,opencv,detection,200,headless,5,8,223.09
cedar,opencv,detection,200,headless,5,9,225.36
cedar,opencv,detection,200,headless,5,10,222.87
cedar,opencv,detection,200,headless,10,1,111.90
cedar,opencv,detection,200,headless,10,2,110.75
cedar,opencv,detection,200,headless,10,3,111.54
cedar,opencv,detection,200,headless,10,4,110.86
cedar,opencv,detection,200,headless,10,5,113.34
cedar,opencv,detection,200,headless,10,6,112.56
cedar,opencv,detection,200,headless,10,7,112.06
cedar,opencv,detection,200,headless,10,8,111.51
cedar,opencv,detection,200,headless,10,9,111.79
cedar,opencv,detection,200,headless,10,10,111.82
cedar,opencv,detection,200,headless,50,1,22.01
cedar,opencv,detection,200,headless,50,2,22.18
cedar,opencv,detection,200,headless,50,3,21.65
cedar,opencv,detection,200,headless,50,4,21.53
cedar,opencv,detection,200,headless,50,5,21.37
cedar,opencv,detection,200,headless,50,6,21.73
cedar,opencv,detection,200,headless,50,7,22.05
cedar,opencv,detection,200,headless,50,8,22.19
cedar,opencv,detection,200,headless,50,9,22.16
cedar,opencv,detection,200,headless,50,10,22.13
cedar,opencv,detection,200,headless,100,1,10.97
cedar,opencv,detection,200,headless,100,2,10.96
cedar,opencv,detection,200,headless,100,3,10.93
cedar,opencv,detection,200,headless,100,4,10.97
cedar,opencv,detection,200,headless,100,5,10.99
cedar,opencv,detection,200,headless,100,6,10.99
cedar,opencv,detection,200,headless,100,7,10.91
cedar,opencv,detection,200,headless,100,8,10.72
cedar,opencv,detection,200,headless,100,9,10.93
cedar,opencv,detection,200,headless,100,10,10.97
cedar,fftw,detection,200,headless,5,1,181.12
cedar,fftw,detection,200,headless,5,2,191.23
cedar,fftw,detection,200,headless,5,3,190.78
cedar,fftw,detection,200,headless,5,4,187.50
cedar,fftw,detection,200,headless,5,5,186.93
cedar,fftw,detection,200,headless,5,6,186.68
cedar,fftw,detection,200,headless,5,7,190.31
cedar,fftw,detection,200,headless,5,8,189.86
cedar,fftw,detection,200,headless,5,9,187.46
cedar,fftw,detection,200,headless,5,10,188.30
cedar,fftw,detection,200,headless,10,1,97.47
cedar,fftw,detection,200,headless,10,2,97.60
cedar,fftw,detection,200,headless,10,3,97.16
cedar,fftw,detection,200,headless,10,4,96.80
cedar,fftw,detection,200,headless,10,5,97.50
cedar,fftw,detection,200,headless,10,6,96.89
cedar,fftw,detection,200,headless,10,7,97.01
cedar,fftw,detection,200,headless,10,8,96.71
cedar,fftw,detection,200,headless,10,9,97.01
cedar,fftw,detection,200,headless,10,10,95.84
cedar,fftw,detection,200,headless,50,1,17.81
cedar,fftw,detection,200,headless,50,2,17.83
cedar,fftw,detection,200,headless,50,3,18.37
cedar,fftw,detection,200,headless,50,4,18.10
cedar,fftw,detection,200,headless,50,5,17.76
cedar,fftw,detection,200,headless,50,6,17.61
cedar,fftw,detection,200,headless,50,7,17.73
cedar,fftw,detection,200,headless,50,8,17.63
cedar,fftw,detection,200,headless,50,9,18.04
cedar,fftw,detection,200,headless,50,10,17.53
cedar,fftw,detection,200,headless,100,1,8.86
cedar,fftw,detection,200,headless,100,2,8.83
cedar,fftw,detection,200,headless,100,3,8.79
cedar,fftw,detection,200,headless,100,4,8.81
cedar,fftw,detection,200,headless,100,5,8.98
cedar,fftw,detection,200,headless,100,6,8.93
cedar,fftw,detection,200,headless,100,7,9.14
cedar,fftw,detection,200,headless,100,8,8.80
cedar,fftw,detection,200,headless,100,9,8.91
cedar,fftw,detection,200,headless,100,10,9.14
cedar,opencv,selection,200,headless,5,1,240.27
cedar,opencv,selection,200,headless,5,2,238.70
cedar,opencv,selection,200,headless,5,3,239.44
cedar,opencv,selection,200,headless,5,4,238.79
cedar,opencv,selection,200,headless,5,5,239.90
cedar,opencv,selection,200,headless,5,6,239.94
cedar,opencv,selection,200,headless,5,7,238.95
cedar,opencv,selection,200,headless,5,8,237.28
cedar,opencv,selection,200,headless,5,9,239.09
cedar,opencv,selection,200,headless,5,10,238.74
cedar,opencv,selection,200,headless,10,1,119.43
cedar,opencv,selection,200,headless,10,2,119.63
cedar,opencv,selection,200,headless,10,3,119.10
cedar,opencv,selection,200,headless,10,4,118.52
cedar,opencv,selection,200,headless,10,5,119.02
cedar,opencv,selection,200,headless,10,6,119.11
cedar,opencv,selection,200,headless,10,7,118.44
cedar,opencv,selection,200,headless,10,8,119.25
cedar,opencv,selection,200,headless,10,9,119.37
cedar,opencv,selection,200,headless,10,10,119.25
cedar,opencv,selection,200,headless,50,1,22.78
cedar,opencv,selection,200,headless,50,2,22.85
cedar,opencv,selection,200,headless,50,3,22.88
cedar,opencv,selection,200,headless,50,4,22.88
cedar,opencv,selection,200,headless,50,5,22.75
cedar,opencv,selection,200,headless,50,6,22.52
cedar,opencv,selection,200,headless,50,7,22.81
cedar,opencv,selection,200,headless,50,8,22.83
cedar,opencv,selection,200,headless,50,9,22.86
cedar,opencv,selection,200,headless,50,10,22.88
cedar,opencv,selection,200,headless,100,1,11.28
cedar,opencv,selection,200,headless,100,2,11.24
cedar,opencv,selection,200,headless,100,3,11.05
cedar,opencv,selection,200,headless,100,4,11.04
cedar,opencv,selection,200,headless,100,5,11.15
cedar,opencv,selection,200,headless,100,6,10.92
cedar,opencv,selection,200,headless,100,7,11.26
cedar,opencv,selection,200,headless,100,8,11.17
cedar,opencv,selection,200,headless,100,9,10.86
cedar,opencv,selection,200,headless,100,10,10.94
cedar,fftw,selection,200,headless,5,1,176.57
cedar,fftw,selection,200,headless,5,2,175.25
cedar,fftw,selection,200,headless,5,3,174.48
cedar,fftw,selection,200,headless,5,4,173.42
cedar,fftw,selection,200,headless,5,5,173.47
cedar,fftw,selection,200,headless,5,6,174.54
cedar,fftw,selection,200,headless,5,7,172.39
cedar,fftw,selection,200,headless,5,8,172.88
cedar,fftw,selection,200,headless,5,9,175.44
cedar,fftw,selection,200,headless,5,10,177.85
cedar,fftw,selection,200,headless,10,1,97.35
cedar,fftw,selection,200,headless,10,2,97.25
cedar,fftw,selection,200,headless,10,3,97.81
cedar,fftw,selection,200,headless,10,4,97.29
cedar,fftw,selection,200,headless,10,5,97.18
cedar,fftw,selection,200,headless,10,6,98.27
cedar,fftw,selection,200,headless,10,7,97.75
cedar,fftw,selection,200,headless,10,8,98.33
cedar,fftw,selection,200,headless,10,9,97.61
cedar,fftw,selection,200,headless,10,10,96.51
cedar,fftw,selection,200,headless,50,1,18.12
cedar,fftw,selection,200,headless,50,2,18.00
cedar,fftw,selection,200,headless,50,3,18.51
cedar,fftw,selection,200,headless,50,4,18.48
cedar,fftw,selection,200,headless,50,5,18.33
cedar,fftw,selection,200,headless,50,6,17.76
cedar,fftw,selection,200,headless,50,7,17.78
cedar,fftw,selection,200,headless,50,8,17.83
cedar,fftw,selection,200,headless,50,9,17.80
cedar,fftw,selection,200,headless,50,10,17.85
cedar,fftw,selection,200,headless,100,1,9.21
cedar,fftw,selection,200,headless,100,2,9.04
cedar,fftw,selection,200,headless,100,3,9.14
cedar,fftw,selection,200,headless,100,4,9.22
cedar,fftw,selection,200,headless,100,5,9.14
cedar,fftw,selection,200,headless,100,6,9.02
cedar,fftw,selection,200,headless,100,7,9.05
cedar,fftw,selection,200,headless,100,8,8.98
cedar,fftw,selection,200,headless,100,9,9.11
cedar,fftw,selection,200,headless,100,10,9.16
cedar,opencv,memory,200,headless,5,1,121.11
cedar,opencv,memory,200,headless,5,2,122.46
cedar,opencv,memory,200,headless,5,3,122.70
cedar,opencv,memory,200,headless,5,4,123.38
cedar,opencv,memory,200,headless,5,5,123.34
cedar,opencv,memory,200,headless,5,6,123.49
cedar,opencv,memory,200,headless,5,7,120.91
cedar,opencv,memory,200,headless,5,8,120.09
cedar,opencv,memory,200,headless,5,9,120.00
cedar,opencv,memory,200,headless,5,10,120.57
cedar,opencv,memory,200,headless,10,1,62.04
cedar,opencv,memory,200,headless,10,2,62.89
cedar,opencv,memory,200,headless,10,3,63.15
cedar,opencv,memory,200,headless,10,4,63.60
cedar,opencv,memory,200,headless,10,5,62.99
cedar,opencv,memory,200,headless,10,6,62.92
cedar,opencv,memory,200,headless,10,7,62.68
cedar,opencv,memory,200,headless,10,8,63.90
cedar,opencv,memory,200,headless,10,9,63.97
cedar,opencv,memory,200,headless,10,10,63.42
cedar,opencv,memory,200,headless,50,1,12.49
cedar,opencv,memory,200,headless,50,2,12.45
cedar,opencv,memory,200,headless,50,3,12.49
cedar,opencv,memory,200,headless,50,4,12.48
cedar,opencv,memory,200,headless,50,5,12.48
cedar,opencv,memory,200,headless,50,6,12.09
cedar,opencv,memory,200,headless,50,7,12.05
cedar,opencv,memory,200,headless,50,8,12.24
cedar,opencv,memory,200,headless,50,9,12.14
cedar,opencv,memory,200,headless,50,10,12.45
cedar,opencv,memory,200,headless,100,1,6.15
cedar,opencv,memory,200,headless,100,2,6.16
cedar,opencv,memory,200,headless,100,3,6.18
cedar,opencv,memory,200,headless,100,4,6.18
cedar,opencv,memory,200,headless,100,5,5.99
cedar,opencv,memory,200,headless,100,6,6.16
cedar,opencv,memory,200,headless,100,7,6.09
cedar,opencv,memory,200,headless,100,8,6.10
cedar,opencv,memory,200,headless,100,9,6.16
cedar,opencv,memory,200,headless,100,10,6.18
cedar,fftw,memory,200,headless,5,1,182.50
cedar,fftw,memory,200,headless,5,2,184.64
cedar,fftw,memory,200,headless,5,3,184.47
cedar,fftw,memory,200,headless,5,4,184.29
cedar,fftw,memory,200,headless,5,5,184.86
cedar,fftw,memory,200,headless,5,6,183.78
cedar,fftw,memory,200,headless,5,7,184.17
cedar,fftw,memory,200,headless,5,8,183.76
cedar,fftw,memory,200,headless,5,9,183.20
cedar,fftw,memory,200,headless,5,10,180.15
cedar,fftw,memory,200,headless,10,1,92.56
cedar,fftw,memory,200,headless,10,2,92.63
cedar,fftw,memory,200,headless,10,3,92.00
cedar,fftw,memory,200,headless,10,4,91.44
cedar,fftw,memory,200,headless,10,5,91.59
cedar,fftw,memory,200,headless,10,6,92.25
cedar,fftw,memory,200,headless,10,7,92.35
cedar,fftw,memory,200,headless,10,8,92.82
cedar,fftw,memory,200,headless,10,9,93.79
cedar,fftw,memory,200,headless,10,10,94.01
cedar,fftw,memory,200,headless,50,1,17.53
cedar,fftw,memory,200,headless,50,2,17.49
cedar,fftw,memory,200,headless,50,3,17.45
cedar,fftw,memory,200,headless,50,4,17.56
cedar,fftw,memory,200,headless,50,5,17.47
cedar,fftw,memory,200,headless,50,6,17.62
cedar,fftw,memory,200,headless,50,7,17.64
cedar,fftw,memory,200,headless,50,8,18.13
cedar,fftw,memory,200,headless,50,9,18.12
cedar,fftw,memory,200,headless,50,10,18.17
cedar,fftw,memory,200,headless,100,1,8.66
cedar,fftw,memory,200,headless,100,2,8.81
cedar,fftw,memory,200,headless,100,3,9.07
cedar,fftw,memory,200,headless,100,4,9.00
cedar,fftw,memory,200,headless,100,5,8.98
cedar,fftw,memory,200,headless,100,6,9.01
cedar,fftw,memory,200,headless,100,7,9.03
cedar,fftw,memory,200,headless,100,8,9.01
cedar,fftw,memory,200,headless,100,9,9.03
cedar,fftw,memory,200,headless,100,10,9.02
cedar,opencv,multi-peak,200,headless,5,1,248.86
cedar,opencv,multi-peak,200,headless,5,2,241.03
cedar,opencv,multi-peak,200,headless,5,3,240.80
cedar,opencv,multi-peak,200,headless,5,4,238.54
cedar,opencv,multi-peak,200,headless,5,5,241.50
cedar,opencv,multi-peak,200,headless,5,6,243.73
cedar,opencv,multi-peak,200,headless,5,7,238.67
cedar,opencv,multi-peak,200,headless,5,8,240.22
cedar,opencv,multi-peak,200,headless,5,9,241.90
cedar,opencv,multi-peak,200,headless,5,10,241.27
cedar,opencv,multi-peak,200,headless,10,1,119.24
cedar,opencv,multi-peak,200,headless,10,2,120.57
cedar,opencv,multi-peak,200,headless,10,3,118.47
cedar,opencv,multi-peak,200,headless,10,4,118.59
cedar,opencv,multi-peak,200,headless,10,5,119.22
cedar,opencv,multi-peak,200,headless,10,6,119.30
cedar,opencv,multi-peak,200,headless,10,7,118.58
cedar,opencv,multi-peak,200,headless,10,8,118.04
cedar,opencv,multi-peak,200,headless,10,9,118.18
cedar,opencv,multi-peak,200,headless,10,10,117.65
cedar,opencv,multi-peak,200,headless,50,1,22.69
cedar,opencv,multi-peak,200,headless,50,2,22.76
cedar,opencv,multi-peak,200,headless,50,3,22.73
cedar,opencv,multi-peak,200,headless,50,4,22.75
cedar,opencv,multi-peak,200,headless,50,5,23.22
cedar,opencv,multi-peak,200,headless,50,6,23.44
cedar,opencv,multi-peak,200,headless,50,7,23.55
cedar,opencv,multi-peak,200,headless,50,8,23.52
cedar,opencv,multi-peak,200,headless,50,9,23.47
cedar,opencv,multi-peak,200,headless,50,10,23.51
cedar,opencv,multi-peak,200,headless,100,1,11.63
cedar,opencv,multi-peak,200,headless,100,2,11.65
cedar,opencv,multi-peak,200,headless,100,3,11.56
cedar,opencv,multi-peak,200,headless,100,4,11.65
cedar,opencv,multi-peak,200,headless,100,5,11.66
cedar,opencv,multi-peak,200,headless,100,6,11.65
cedar,opencv,multi-peak,200,headless,100,7,11.65
cedar,opencv,multi-peak,200,headless,100,8,11.67
cedar,opencv,multi-peak,200,headless,100,9,11.68
cedar,opencv,multi-peak,200,headless,100,10,11.63
cedar,fftw,multi-peak,200,headless,5,1,179.60
cedar,fftw,multi-peak,200,headless,5,2,179.13
cedar,fftw,multi-peak,200,headless,5,3,179.32
cedar,fftw,multi-peak,200,headless,5,4,178.20
cedar,fftw,multi-peak,200,headless,5,5,178.69
cedar,fftw,multi-peak,200,headless,5,6,178.79
cedar,fftw,multi-peak,200,headless,5,7,178.53
cedar,fftw,multi-peak,200,headless,5,8,178.73
cedar,fftw,multi-peak,200,headless,5,9,178.96
cedar,fftw,multi-peak,200,headless,5,10,178.84
cedar,fftw,multi-peak,200,headless,10,1,98.22
cedar,fftw,multi-peak,200,headless,10,2,98.15
cedar,fftw,multi-peak,200,headless,10,3,97.18
cedar,fftw,multi-peak,200,headless,10,4,98.31
cedar,fftw,multi-peak,200,headless,10,5,98.26
cedar,fftw,multi-peak,200,headless,10,6,98.31
cedar,fftw,multi-peak,200,headless,10,7,97.21
cedar,fftw,multi-peak,200,headless,10,8,96.95
cedar,fftw,multi-peak,200,headless,10,9,97.22
cedar,fftw,multi-peak,200,headless,10,10,97.80
cedar,fftw,multi-peak,200,headless,50,1,18.69
cedar,fftw,multi-peak,200,headless,50,2,18.68
cedar,fftw,multi-peak,200,headless,50,3,18.67
cedar,fftw,multi-peak,200,headless,50,4,18.60
cedar,fftw,multi-peak,200,headless,50,5,18.47
cedar,fftw,multi-peak,200,headless,50,6,18.57
cedar,fftw,multi-peak,200,headless,50,7,17.84
cedar,fftw,multi-peak,200,headless,50,8,17.82
cedar,fftw,multi-peak,200,headless,50,9,17.83
cedar,fftw,multi-peak,200,headless,50,10,18.06
cedar,fftw,multi-peak,200,headless,100,1,9.23
cedar,fftw,multi-peak,200,headless,100,2,9.23
cedar,fftw,multi-peak,200,headless,100,3,9.25
cedar,fftw,multi-peak,200,headless,100,4,9.23
cedar,fftw,multi-peak,200,headless,100,5,9.23
cedar,fftw,multi-peak,200,headless,100,6,8.85
cedar,fftw,multi-peak,200,headless,100,7,9.01
cedar,fftw,multi-peak,200,headless,100,8,9.21
cedar,fftw,multi-peak,200,headless,100,9,9.16
cedar,fftw,multi-peak,200,headless,100,10,8.84
cedar,opencv,detection,500,headless,5,1,33.42
cedar,opencv,detection,500,headless,5,2,33.77
cedar,opencv,detection,500,headless,5,3,34.01
cedar,opencv,detection,500,headless,5,4,34.13
cedar,opencv,detection,500,headless,5,5,34.20
cedar,opencv,detection,500,headless,5,6,34.10
cedar,opencv,detection,500,headless,5,7,33.82
cedar,opencv,detection,500,headless,5,8,33.75
cedar,opencv,detection,500,headless,5,9,33.98
cedar,opencv,detection,500,headless,5,10,34.03
cedar,opencv,detection,500,headless,10,1,16.62
cedar,opencv,detection,500,headless,10,2,16.73
cedar,opencv,detection,500,headless,10,3,16.75
cedar,opencv,detection,500,headless,10,4,16.68
cedar,opencv,detection,500,headless,10,5,16.61
cedar,opencv,detection,500,headless,10,6,16.71
cedar,opencv,detection,500,headless,10,7,16.54
cedar,opencv,detection,500,headless,10,8,16.70
cedar,opencv,detection,500,headless,10,9,16.75
cedar,opencv,detection,500,headless,10,10,16.73
cedar,opencv,detection,500,headless,50,1,3.35
cedar,opencv,detection,500,headless,50,2,3.32
cedar,opencv,detection,500,headless,50,3,3.34
cedar,opencv,detection,500,headless,50,4,3.31
cedar,opencv,detection,500,headless,50,5,3.32
cedar,opencv,detection,500,headless,50,6,3.34
cedar,opencv,detection,500,headless,50,7,3.32
cedar,opencv,detection,500,headless,50,8,3.33
cedar,opencv,detection,500,headless,50,9,3.33
cedar,opencv,detection,500,headless,50,10,3.36
cedar,opencv,detection,500,headless,100,1,1.67
cedar,opencv,detection,500,headless,100,2,1.66
cedar,opencv,detection,500,headless,100,3,1.66
cedar,opencv,detection,500,headless,100,4,1.67
cedar,opencv,detection,500,headless,100,5,1.67
cedar,opencv,detection,500,headless,100,6,1.66
cedar,opencv,detection,500,headless,100,7,1.66
cedar,opencv,detection,500,headless,100,8,1.66
cedar,opencv,detection,500,headless,100,9,1.66
cedar,opencv,detection,500,headless,100,10,1.66
cedar,fftw,detection,500,headless,5,1,22.24
cedar,fftw,detection,500,headless,5,2,22.13
cedar,fftw,detection,500,headless,5,3,22.16
cedar,fftw,detection,500,headless,5,4,22.26
cedar,fftw,detection,500,headless,5,5,21.82
cedar,fftw,detection,500,headless,5,6,21.95
cedar,fftw,detection,500,headless,5,7,21.82
cedar,fftw,detection,500,headless,5,8,21.86
cedar,fftw,detection,500,headless,5,9,22.10
cedar,fftw,detection,500,headless,5,10,21.90
cedar,fftw,detection,500,headless,10,1,10.92
cedar,fftw,detection,500,headless,10,2,11.07
cedar,fftw,detection,500,headless,10,3,11.01
cedar,fftw,detection,500,headless,10,4,11.12
cedar,fftw,detection,500,headless,10,5,11.07
cedar,fftw,detection,500,headless,10,6,10.92
cedar,fftw,detection,500,headless,10,7,10.98
cedar,fftw,detection,500,headless,10,8,10.98
cedar,fftw,detection,500,headless,10,9,10.99
cedar,fftw,detection,500,headless,10,10,10.96
cedar,fftw,detection,500,headless,50,1,2.19
cedar,fftw,detection,500,headless,50,2,2.20
cedar,fftw,detection,500,headless,50,3,2.19
cedar,fftw,detection,500,headless,50,4,2.19
cedar,fftw,detection,500,headless,50,5,2.20
cedar,fftw,detection,500,headless,50,6,2.20
cedar,fftw,detection,500,headless,50,7,2.20
cedar,fftw,detection,500,headless,50,8,2.20
cedar,fftw,detection,500,headless,50,9,2.20
cedar,fftw,detection,500,headless,50,10,2.20
cedar,fftw,detection,500,headless,100,1,1.10
cedar,fftw,detection,500,headless,100,2,1.10
cedar,fftw,detection,500,headless,100,3,1.10
cedar,fftw,detection,500,headless,100,4,1.10
cedar,fftw,detection,500,headless,100,5,1.10
cedar,fftw,detection,500,headless,100,6,1.09
cedar,fftw,detection,500,headless,100,7,1.10
cedar,fftw,detection,500,headless,100,8,1.10
cedar,fftw,detection,500,headless,100,9,1.10
cedar,fftw,detection,500,headless,100,10,1.10
cedar,opencv,selection,500,headless,5,1,33.55
cedar,opencv,selection,500,headless,5,2,33.48
cedar,opencv,selection,500,headless,5,3,33.48
cedar,opencv,selection,500,headless,5,4,33.43
cedar,opencv,selection,500,headless,5,5,33.41
cedar,opencv,selection,500,headless,5,6,33.54
cedar,opencv,selection,500,headless,5,7,33.58
cedar,opencv,selection,500,headless,5,8,33.53
cedar,opencv,selection,500,headless,5,9,33.42
cedar,opencv,selection,500,headless,5,10,33.65
cedar,opencv,selection,500,headless,10,1,17.05
cedar,opencv,selection,500,headless,10,2,16.83
cedar,opencv,selection,500,headless,10,3,16.75
cedar,opencv,selection,500,headless,10,4,16.72
cedar,opencv,selection,500,headless,10,5,16.91
cedar,opencv,selection,500,headless,10,6,17.16
cedar,opencv,selection,500,headless,10,7,17.16
cedar,opencv,selection,500,headless,10,8,17.10
cedar,opencv,selection,500,headless,10,9,17.09
cedar,opencv,selection,500,headless,10,10,17.09
cedar,opencv,selection,500,headless,50,1,3.36
cedar,opencv,selection,500,headless,50,2,3.38
cedar,opencv,selection,500,headless,50,3,3.38
cedar,opencv,selection,500,headless,50,4,3.35
cedar,opencv,selection,500,headless,50,5,3.39
cedar,opencv,selection,500,headless,50,6,3.37
cedar,opencv,selection,500,headless,50,7,3.37
cedar,opencv,selection,500,headless,50,8,3.38
cedar,opencv,selection,500,headless,50,9,3.31
cedar,opencv,selection,500,headless,50,10,3.37
cedar,opencv,selection,500,headless,100,1,1.67
cedar,opencv,selection,500,headless,100,2,1.69
cedar,opencv,selection,500,headless,100,3,1.67
cedar,opencv,selection,500,headless,100,4,1.68
cedar,opencv,selection,500,headless,100,5,1.67
cedar,opencv,selection,500,headless,100,6,1.66
cedar,opencv,selection,500,headless,100,7,1.66
cedar,opencv,selection,500,headless,100,8,1.68
cedar,opencv,selection,500,headless,100,9,1.69
cedar,opencv,selection,500,headless,100,10,1.67
cedar,fftw,selection,500,headless,5,1,21.95
cedar,fftw,selection,500,headless,5,2,21.93
cedar,fftw,selection,500,headless,5,3,22.16
cedar,fftw,selection,500,headless,5,4,22.36
cedar,fftw,selection,500,headless,5,5,22.33
cedar,fftw,selection,500,headless,5,6,22.13
cedar,fftw,selection,500,headless,5,7,21.90
cedar,fftw,selection,500,headless,5,8,21.87
cedar,fftw,selection,500,headless,5,9,22.07
cedar,fftw,selection,500,headless,5,10,22.16
cedar,fftw,selection,500,headless,10,1,10.77
cedar,fftw,selection,500,headless,10,2,10.85
cedar,fftw,selection,500,headless,10,3,10.78
cedar,fftw,selection,500,headless,10,4,10.94
cedar,fftw,selection,500,headless,10,5,10.95
cedar,fftw,selection,500,headless,10,6,10.94
cedar,fftw,selection,500,headless,10,7,10.74
cedar,fftw,selection,500,headless,10,8,10.84
cedar,fftw,selection,500,headless,10,9,10.95
cedar,fftw,selection,500,headless,10,10,10.94
cedar,fftw,selection,500,headless,50,1,2.15
cedar,fftw,selection,500,headless,50,2,2.18
cedar,fftw,selection,500,headless,50,3,2.13
cedar,fftw,selection,500,headless,50,4,2.18
cedar,fftw,selection,500,headless,50,5,2.19
cedar,fftw,selection,500,headless,50,6,2.19
cedar,fftw,selection,500,headless,50,7,2.18
cedar,fftw,selection,500,headless,50,8,2.19
cedar,fftw,selection,500,headless,50,9,2.17
cedar,fftw,selection,500,headless,50,10,2.18
cedar,fftw,selection,500,headless,100,1,1.11
cedar,fftw,selection,500,headless,100,2,1.11
cedar,fftw,selection,500,headless,100,3,1.11
cedar,fftw,selection,500,headless,100,4,1.11
cedar,fftw,selection,500,headless,100,5,1.10
cedar,fftw,selection,500,headless,100,6,1.10
cedar,fftw,selection,500,headless,100,7,1.11
cedar,fftw,selection,500,headless,100,8,1.11
cedar,fftw,selection,500,headless,100,9,1.11
cedar,fftw,selection,500,headless,100,10,1.10
cedar,opencv,memory,500,headless,5,1,21.47
cedar,opencv,memory,500,headless,5,2,21.33
cedar,opencv,memory,500,headless,5,3,21.32
cedar,opencv,memory,500,headless,5,4,21.47
cedar,opencv,memory,500,headless,5,5,21.41
cedar,opencv,memory,500,headless,5,6,21.37
cedar,opencv,memory,500,headless,5,7,21.47
cedar,opencv,memory,500,headless,5,8,21.47
cedar,opencv,memory,500,headless,5,9,21.40
cedar,opencv,memory,500,headless,5,10,21.47
cedar,opencv,memory,500,headless,10,1,10.82
cedar,opencv,memory,500,headless,10,2,10.96
cedar,opencv,memory,500,headless,10,3,10.71
cedar,opencv,memory,500,headless,10,4,10.87
cedar,opencv,memory,500,headless,10,5,10.79
cedar,opencv,memory,500,headless,10,6,10.89
cedar,opencv,memory,500,headless,10,7,10.90
cedar,opencv,memory,500,headless,10,8,10.94
cedar,opencv,memory,500,headless,10,9,10.93
cedar,opencv,memory,500,headless,10,10,10.87
cedar,opencv,memory,500,headless,50,1,2.13
cedar,opencv,memory,500,headless,50,2,2.13
cedar,opencv,memory,500,headless,50,3,2.13
cedar,opencv,memory,500,headless,50,4,2.13
cedar,opencv,memory,500,headless,50,5,2.13
cedar,opencv,memory,500,headless,50,6,2.13
cedar,opencv,memory,500,headless,50,7,2.13
cedar,opencv,memory,500,headless,50,8,2.13
cedar,opencv,memory,500,headless,50,9,2.13
cedar,opencv,memory,500,headless,50,10,2.13
cedar,opencv,memory,500,headless,100,1,1.07
cedar,opencv,memory,500,headless,100,2,1.07
cedar,opencv,memory,500,headless,100,3,1.08
cedar,opencv,memory,500,headless,100,4,1.08
cedar,opencv,memory,500,headless,100,5,1.08
cedar,opencv,memory,500,headless,100,6,1.08
cedar,opencv,memory,500,headless,100,7,1.08
cedar,opencv,memory,500,headless,100,8,1.08
cedar,opencv,memory,500,headless,100,9,1.08
cedar,opencv,memory,500,headless,100,10,1.08
cedar,fftw,memory,500,headless,5,1,21.94
cedar,fftw,memory,500,headless,5,2,22.01
cedar,fftw,memory,500,headless,5,3,21.89
cedar,fftw,memory,500,headless,5,4,22.10
cedar,fftw,memory,500,headless,5,5,22.08
cedar,fftw,memory,500,headless,5,6,22.05
cedar,fftw,memory,500,headless,5,7,22.05
cedar,fftw,memory,500,headless,5,8,22.01
cedar,fftw,memory,500,headless,5,9,22.10
cedar,fftw,memory,500,headless,5,10,22.00
cedar,fftw,memory,500,headless,10,1,10.95
cedar,fftw,memory,500,headless,10,2,11.13
cedar,fftw,memory,500,headless,10,3,11.09
cedar,fftw,memory,500,headless,10,4,11.01
cedar,fftw,memory,500,headless,10,5,10.86
cedar,fftw,memory,500,headless,10,6,10.78
cedar,fftw,memory,500,headless,10,7,11.01
cedar,fftw,memory,500,headless,10,8,11.09
cedar,fftw,memory,500,headless,10,9,10.88
cedar,fftw,memory,500,headless,10,10,10.75
cedar,fftw,memory,500,headless,50,1,2.21
cedar,fftw,memory,500,headless,50,2,2.25
cedar,fftw,memory,500,headless,50,3,2.23
cedar,fftw,memory,500,headless,50,4,2.23
cedar,fftw,memory,500,headless,50,5,2.25
cedar,fftw,memory,500,headless,50,6,2.25
cedar,fftw,memory,500,headless,50,7,2.25
cedar,fftw,memory,500,headless,50,8,2.25
cedar,fftw,memory,500,headless,50,9,2.25
cedar,fftw,memory,500,headless,50,10,2.24
cedar,fftw,memory,500,headless,100,1,1.12
cedar,fftw,memory,500,headless,100,2,1.11
cedar,fftw,memory,500,headless,100,3,1.12
cedar,fftw,memory,500,headless,100,4,1.11
cedar,fftw,memory,500,headless,100,5,1.11
cedar,fftw,memory,500,headless,100,6,1.12
cedar,fftw,memory,500,headless,100,7,1.11
cedar,fftw,memory,500,headless,100,8,1.12
cedar,fftw,memory,500,headless,100,9,1.12
cedar,fftw,memory,500,headless,100,10,1.11
cedar,opencv,multi-peak,500,headless,5,1,35.43
cedar,opencv,multi-peak,500,headless,5,2,35.50
cedar,opencv,multi-peak,500,headless,5,3,35.44
cedar,opencv,multi-peak,500,headless,5,4,35.25
cedar,opencv,multi-peak,500,headless,5,5,35.14
cedar,opencv,multi-peak,500,headless,5,6,35.21
cedar,opencv,multi-peak,500,headless,5,7,35.58
cedar,opencv,multi-peak,500,headless,5,8,35.52
cedar,opencv,multi-peak,500,headless,5,9,35.23
cedar,opencv,multi-peak,500,headless,5,10,35.33
cedar,opencv,multi-peak,500,headless,10,1,17.79
cedar,opencv,multi-peak,500,headless,10,2,17.86
cedar,opencv,multi-peak,500,headless,10,3,17.71
cedar,opencv,multi-peak,500,headless,10,4,17.74
cedar,opencv,multi-peak,500,headless,10,5,17.80
cedar,opencv,multi-peak,500,headless,10,6,17.73
cedar,opencv,multi-peak,500,headless,10,7,17.70
cedar,opencv,multi-peak,500,headless,10,8,17.77
cedar,opencv,multi-peak,500,headless,10,9,17.74
cedar,opencv,multi-peak,500,headless,10,10,17.83
cedar,opencv,multi-peak,500,headless,50,1,3.48
cedar,opencv,multi-peak,500,headless,50,2,3.46
cedar,opencv,multi-peak,500,headless,50,3,3.49
cedar,opencv,multi-peak,500,headless,50,4,3.49
cedar,opencv,multi-peak,500,headless,50,5,3.48
cedar,opencv,multi-peak,500,headless,50,6,3.48
cedar,opencv,multi-peak,500,headless,50,7,3.47
cedar,opencv,multi-peak,500,headless,50,8,3.48
cedar,opencv,multi-peak,500,headless,50,9,3.47
cedar,opencv,multi-peak,500,headless,50,10,3.47
cedar,opencv,multi-peak,500,headless,100,1,1.77
cedar,opencv,multi-peak,500,headless,100,2,1.77
cedar,opencv,multi-peak,500,headless,100,3,1.76
cedar,opencv,multi-peak,500,headless,100,4,1.76
cedar,opencv,multi-peak,500,headless,100,5,1.77
cedar,opencv,multi-peak,500,headless,100,6,1.75
cedar,opencv,multi-peak,500,headless,100,7,1.75
cedar,opencv,multi-peak,500,headless,100,8,1.75
cedar,opencv,multi-peak,500,headless,100,9,1.77
cedar,opencv,multi-peak,500,headless,100,10,1.76
cedar,fftw,multi-peak,500,headless,5,1,22.03
cedar,fftw,multi-peak,500,headless,5,2,22.24
cedar,fftw,multi-peak,500,headless,5,3,22.05
cedar,fftw,multi-peak,500,headless,5,4,22.02
cedar,fftw,multi-peak,500,headless,5,5,21.97
cedar,fftw,multi-peak,500,headless,5,6,21.73
cedar,fftw,multi-peak,500,headless,5,7,21.88
cedar,fftw,multi-peak,500,headless,5,8,21.97
cedar,fftw,multi-peak,500,headless,5,9,21.88
cedar,fftw,multi-peak,500,headless,5,10,21.97
cedar,fftw,multi-peak,500,headless,10,1,10.90
cedar,fftw,multi-peak,500,headless,10,2,10.95
cedar,fftw,multi-peak,500,headless,10,3,10.94
cedar,fftw,multi-peak,500,headless,10,4,10.91
cedar,fftw,multi-peak,500,headless,10,5,10.97
cedar,fftw,multi-peak,500,headless,10,6,10.88
cedar,fftw,multi-peak,500,headless,10,7,10.92
cedar,fftw,multi-peak,500,headless,10,8,10.86
cedar,fftw,multi-peak,500,headless,10,9,10.99
cedar,fftw,multi-peak,500,headless,10,10,10.98
cedar,fftw,multi-peak,500,headless,50,1,2.23
cedar,fftw,multi-peak,500,headless,50,2,2.23
cedar,fftw,multi-peak,500,headless,50,3,2.23
cedar,fftw,multi-peak,500,headless,50,4,2.19
cedar,fftw,multi-peak,500,headless,50,5,2.21
cedar,fftw,multi-peak,500,headless,50,6,2.24
cedar,fftw,multi-peak,500,headless,50,7,2.23
cedar,fftw,multi-peak,500,headless,50,8,2.22
cedar,fftw,multi-peak,500,headless,50,9,2.23
cedar,fftw,multi-peak,500,headless,50,10,2.22
cedar,fftw,multi-peak,500,headless,100,1,1.12
cedar,fftw,multi-peak,500,headless,100,2,1.10
cedar,fftw,multi-peak,500,headless,100,3,1.09
cedar,fftw,multi-peak,500,headless,100,4,1.09
cedar,fftw,multi-peak,500,headless,100,5,1.09
cedar,fftw,multi-peak,500,headless,100,6,1.09
cedar,fftw,multi-peak,500,headless,100,7,1.09
cedar,fftw,multi-peak,500,headless,100,8,1.09
cedar,fftw,multi-peak,500,headless,100,9,1.09
cedar,fftw,multi-peak,500,headless,100,10,1.09
