dnfc,default,detection,100,headless,5,1,1548.17
dnfc,default,detection,100,headless,5,2,1536.90
dnfc,default,detection,100,headless,5,3,1545.58
dnfc,default,detection,100,headless,5,4,1538.09
dnfc,default,detection,100,headless,5,5,1553.85
dnfc,default,detection,100,headless,10,1,761.26
dnfc,default,detection,100,headless,10,2,766.83
dnfc,default,detection,100,headless,10,3,774.56
dnfc,default,detection,100,headless,10,4,769.81
dnfc,default,detection,100,headless,10,5,769.25
dnfc,default,detection,100,headless,50,1,135.81
dnfc,default,detection,100,headless,50,2,136.80
dnfc,default,detection,100,headless,50,3,135.66
dnfc,default,detection,100,headless,50,4,134.69
dnfc,default,detection,100,headless,50,5,135.66
dnfc,default,detection,100,headless,100,1,63.56
dnfc,default,detection,100,headless,100,2,63.75
dnfc,default,detection,100,headless,100,3,63.62
dnfc,default,detection,100,headless,100,4,63.77
dnfc,default,detection,100,headless,100,5,63.40
dnfc,default,selection,100,headless,5,1,1493.43
dnfc,default,selection,100,headless,5,2,1487.69
dnfc,default,selection,100,headless,5,3,1500.27
dnfc,default,selection,100,headless,5,4,1492.94
dnfc,default,selection,100,headless,5,5,1503.06
dnfc,default,selection,100,headless,10,1,741.64
dnfc,default,selection,100,headless,10,2,741.07
dnfc,default,selection,100,headless,10,3,745.45
dnfc,default,selection,100,headless,10,4,746.05
dnfc,default,selection,100,headless,10,5,734.90
dnfc,default,selection,100,headless,50,1,125.88
dnfc,default,selection,100,headless,50,2,126.55
dnfc,default,selection,100,headless,50,3,127.46
dnfc,default,selection,100,headless,50,4,127.37
dnfc,default,selection,100,headless,50,5,125.81
dnfc,default,selection,100,headless,100,1,60.66
dnfc,default,selection,100,headless,100,2,59.97
dnfc,default,selection,100,headless,100,3,60.68
dnfc,default,selection,100,headless,100,4,59.98
dnfc,default,selection,100,headless,100,5,60.36
dnfc,default,memory,100,headless,5,1,958.46
dnfc,default,memory,100,headless,5,2,959.04
dnfc,default,memory,100,headless,5,3,981.41
dnfc,default,memory,100,headless,5,4,964.31
dnfc,default,memory,100,headless,5,5,962.33
dnfc,default,memory,100,headless,10,1,481.08
dnfc,default,memory,100,headless,10,2,482.03
dnfc,default,memory,100,headless,10,3,488.53
dnfc,default,memory,100,headless,10,4,488.53
dnfc,default,memory,100,headless,10,5,488.26
dnfc,default,memory,100,headless,50,1,87.56
dnfc,default,memory,100,headless,50,2,87.18
dnfc,default,memory,100,headless,50,3,88.04
dnfc,default,memory,100,headless,50,4,87.33
dnfc,default,memory,100,headless,50,5,87.38
dnfc,default,memory,100,headless,100,1,42.05
dnfc,default,memory,100,headless,100,2,42.14
dnfc,default,memory,100,headless,100,3,42.27
dnfc,default,memory,100,headless,100,4,42.24
dnfc,default,memory,100,headless,100,5,42.25
dnfc,default,multi-peak,100,headless,5,1,1540.15
dnfc,default,multi-peak,100,headless,5,2,1570.51
dnfc,default,multi-peak,100,headless,5,3,1552.12
dnfc,default,multi-peak,100,headless,5,4,1539.99
dnfc,default,multi-peak,100,headless,5,5,1591.91
dnfc,default,multi-peak,100,headless,10,1,763.94
dnfc,default,multi-peak,100,headless,10,2,772.79
dnfc,default,multi-peak,100,headless,10,3,778.04
dnfc,default,multi-peak,100,headless,10,4,789.82
dnfc,default,multi-peak,100,headless,10,5,772.98
dnfc,default,multi-peak,100,headless,50,1,133.24
dnfc,default,multi-peak,100,headless,50,2,133.20
dnfc,default,multi-peak,100,headless,50,3,130.13
dnfc,default,multi-peak,100,headless,50,4,131.01
dnfc,default,multi-peak,100,headless,50,5,132.51
dnfc,default,multi-peak,100,headless,100,1,61.90
dnfc,default,multi-peak,100,headless,100,2,62.70
dnfc,default,multi-peak,100,headless,100,3,61.80
dnfc,default,multi-peak,100,headless,100,4,62.86
dnfc,default,multi-peak,100,headless,100,5,61.89
dnfc,default,detection,200,headless,5,1,403.28
dnfc,default,detection,200,headless,5,2,404.88
dnfc,default,detection,200,headless,5,3,402.91
dnfc,default,detection,200,headless,5,4,401.57
dnfc,default,detection,200,headless,5,5,404.03
dnfc,default,detection,200,headless,10,1,185.99
dnfc,default,detection,200,headless,10,2,184.74
dnfc,default,detection,200,headless,10,3,186.18
dnfc,default,detection,200,headless,10,4,187.42
dnfc,default,detection,200,headless,10,5,187.44
dnfc,default,detection,200,headless,50,1,31.80
dnfc,default,detection,200,headless,50,2,31.73
dnfc,default,detection,200,headless,50,3,31.80
dnfc,default,detection,200,headless,50,4,31.70
dnfc,default,detection,200,headless,50,5,31.73
dnfc,default,detection,200,headless,100,1,15.73
dnfc,default,detection,200,headless,100,2,15.72
dnfc,default,detection,200,headless,100,3,15.73
dnfc,default,detection,200,headless,100,4,15.76
dnfc,default,detection,200,headless,100,5,15.74
dnfc,default,selection,200,headless,5,1,376.75
dnfc,default,selection,200,headless,5,2,380.42
dnfc,default,selection,200,headless,5,3,381.25
dnfc,default,selection,200,headless,5,4,380.60
dnfc,default,selection,200,headless,5,5,374.25
dnfc,default,selection,200,headless,10,1,171.81
dnfc,default,selection,200,headless,10,2,173.18
dnfc,default,selection,200,headless,10,3,174.94
dnfc,default,selection,200,headless,10,4,175.18
dnfc,default,selection,200,headless,10,5,173.35
dnfc,default,selection,200,headless,50,1,29.91
dnfc,default,selection,200,headless,50,2,29.84
dnfc,default,selection,200,headless,50,3,29.85
dnfc,default,selection,200,headless,50,4,29.89
dnfc,default,selection,200,headless,50,5,29.85
dnfc,default,selection,200,headless,100,1,14.88
dnfc,default,selection,200,headless,100,2,14.87
dnfc,default,selection,200,headless,100,3,14.88
dnfc,default,selection,200,headless,100,4,14.87
dnfc,default,selection,200,headless,100,5,14.86
dnfc,default,memory,200,headless,5,1,257.36
dnfc,default,memory,200,headless,5,2,258.19
dnfc,default,memory,200,headless,5,3,257.57
dnfc,default,memory,200,headless,5,4,258.39
dnfc,default,memory,200,headless,5,5,256.72
dnfc,default,memory,200,headless,10,1,120.08
dnfc,default,memory,200,headless,10,2,121.13
dnfc,default,memory,200,headless,10,3,121.03
dnfc,default,memory,200,headless,10,4,120.13
dnfc,default,memory,200,headless,10,5,120.13
dnfc,default,memory,200,headless,50,1,21.63
dnfc,default,memory,200,headless,50,2,21.67
dnfc,default,memory,200,headless,50,3,21.63
dnfc,default,memory,200,headless,50,4,21.65
dnfc,default,memory,200,headless,50,5,21.65
dnfc,default,memory,200,headless,100,1,10.78
dnfc,default,memory,200,headless,100,2,10.78
dnfc,default,memory,200,headless,100,3,10.80
dnfc,default,memory,200,headless,100,4,10.78
dnfc,default,memory,200,headless,100,5,10.79
dnfc,default,multi-peak,200,headless,5,1,398.20
dnfc,default,multi-peak,200,headless,5,2,405.00
dnfc,default,multi-peak,200,headless,5,3,401.78
dnfc,default,multi-peak,200,headless,5,4,405.93
dnfc,default,multi-peak,200,headless,5,5,407.57
dnfc,default,multi-peak,200,headless,10,1,186.45
dnfc,default,multi-peak,200,headless,10,2,186.95
dnfc,default,multi-peak,200,headless,10,3,185.89
dnfc,default,multi-peak,200,headless,10,4,184.44
dnfc,default,multi-peak,200,headless,10,5,183.80
dnfc,default,multi-peak,200,headless,50,1,31.60
dnfc,default,multi-peak,200,headless,50,2,31.53
dnfc,default,multi-peak,200,headless,50,3,31.67
dnfc,default,multi-peak,200,headless,50,4,31.67
dnfc,default,multi-peak,200,headless,50,5,31.57
dnfc,default,multi-peak,200,headless,100,1,15.71
dnfc,default,multi-peak,200,headless,100,2,15.67
dnfc,default,multi-peak,200,headless,100,3,15.74
dnfc,default,multi-peak,200,headless,100,4,15.71
dnfc,default,multi-peak,200,headless,100,5,15.71
