cosivina,default,detection,100,headless,5,1,622.39
cosivina,default,detection,100,headless,5,2,669.03
cosivina,default,detection,100,headless,5,3,778.29
cosivina,default,detection,100,headless,5,4,781.84
cosivina,default,detection,100,headless,5,5,760.61
cosivina,default,detection,100,headless,5,6,814.85
cosivina,default,detection,100,headless,5,7,813.57
cosivina,default,detection,100,headless,5,8,804.39
cosivina,default,detection,100,headless,5,9,832.00
cosivina,default,detection,100,headless,5,10,834.85
cosivina,default,detection,100,headless,10,1,417.39
cosivina,default,detection,100,headless,10,2,414.72
cosivina,default,detection,100,headless,10,3,411.42
cosivina,default,detection,100,headless,10,4,421.09
cosivina,default,detection,100,headless,10,5,417.88
cosivina,default,detection,100,headless,10,6,420.74
cosivina,default,detection,100,headless,10,7,423.06
cosivina,default,detection,100,headless,10,8,420.67
cosivina,default,detection,100,headless,10,9,422.46
cosivina,default,detection,100,headless,10,10,414.44
cosivina,default,detection,100,headless,50,1,79.62
cosivina,default,detection,100,headless,50,2,81.51
cosivina,default,detection,100,headless,50,3,80.31
cosivina,default,detection,100,headless,50,4,80.32
cosivina,default,detection,100,headless,50,5,81.39
cosivina,default,detection,100,headless,50,6,80.65
cosivina,default,detection,100,headless,50,7,80.92
cosivina,default,detection,100,headless,50,8,81.42
cosivina,default,detection,100,headless,50,9,79.55
cosivina,default,detection,100,headless,50,10,80.93
cosivina,default,detection,100,headless,100,1,37.82
cosivina,default,detection,100,headless,100,2,37.63
cosivina,default,detection,100,headless,100,3,37.89
cosivina,default,detection,100,headless,100,4,37.76
cosivina,default,detection,100,headless,100,5,37.82
cosivina,default,detection,100,headless,100,6,37.77
cosivina,default,detection,100,headless,100,7,37.96
cosivina,default,detection,100,headless,100,8,37.96
cosivina,default,detection,100,headless,100,9,37.98
cosivina,default,detection,100,headless,100,10,37.81
cosivina,default,detection,200,headless,5,1,271.91
cosivina,default,detection,200,headless,5,2,271.31
cosivina,default,detection,200,headless,5,3,272.31
cosivina,default,detection,200,headless,5,4,271.78
cosivina,default,detection,200,headless,5,5,268.57
cosivina,default,detection,200,headless,5,6,271.19
cosivina,default,detection,200,headless,5,7,275.86
cosivina,default,detection,200,headless,5,8,273.57
cosivina,default,detection,200,headless,5,9,275.11
cosivina,default,detection,200,headless,5,10,270.34
cosivina,default,detection,200,headless,10,1,133.52
cosivina,default,detection,200,headless,10,2,133.16
cosivina,default,detection,200,headless,10,3,135.73
cosivina,default,detection,200,headless,10,4,135.35
cosivina,default,detection,200,headless,10,5,132.18
cosivina,default,detection,200,headless,10,6,133.53
cosivina,default,detection,200,headless,10,7,133.95
cosivina,default,detection,200,headless,10,8,135.01
cosivina,default,detection,200,headless,10,9,134.17
cosivina,default,detection,200,headless,10,10,133.32
cosivina,default,detection,200,headless,50,1,23.63
cosivina,default,detection,200,headless,50,2,23.57
cosivina,default,detection,200,headless,50,3,23.57
cosivina,default,detection,200,headless,50,4,23.66
cosivina,default,detection,200,headless,50,5,23.58
cosivina,default,detection,200,headless,50,6,23.67
cosivina,default,detection,200,headless,50,7,23.58
cosivina,default,detection,200,headless,50,8,23.74
cosivina,default,detection,200,headless,50,9,23.61
cosivina,default,detection,200,headless,50,10,23.52
cosivina,default,detection,200,headless,100,1,11.77
cosivina,default,detection,200,headless,100,2,11.78
cosivina,default,detection,200,headless,100,3,11.76
cosivina,default,detection,200,headless,100,4,11.74
cosivina,default,detection,200,headless,100,5,11.72
cosivina,default,detection,200,headless,100,6,11.69
cosivina,default,detection,200,headless,100,7,11.67
cosivina,default,detection,200,headless,100,8,11.67
cosivina,default,detection,200,headless,100,9,11.69
cosivina,default,detection,200,headless,100,10,11.71
cosivina,default,detection,500,headless,5,1,23.69
cosivina,default,detection,500,headless,5,2,23.39
cosivina,default,detection,500,headless,5,3,23.58
cosivina,default,detection,500,headless,5,4,23.59
cosivina,default,detection,500,headless,5,5,23.75
cosivina,default,detection,500,headless,5,6,23.79
cosivina,default,detection,500,headless,5,7,23.73
cosivina,default,detection,500,headless,5,8,23.38
cosivina,default,detection,500,headless,5,9,23.49
cosivina,default,detection,500,headless,5,10,23.69
cosivina,default,detection,500,headless,10,1,11.79
cosivina,default,detection,500,headless,10,2,11.78
cosivina,default,detection,500,headless,10,3,11.82
cosivina,default,detection,500,headless,10,4,11.82
cosivina,default,detection,500,headless,10,5,11.81
cosivina,default,detection,500,headless,10,6,11.75
cosivina,default,detection,500,headless,10,7,11.75
cosivina,default,detection,500,headless,10,8,11.79
cosivina,default,detection,500,headless,10,9,11.78
cosivina,default,detection,500,headless,10,10,11.74
cosivina,default,detection,500,headless,50,1,2.32
cosivina,default,detection,500,headless,50,2,2.32
cosivina,default,detection,500,headless,50,3,2.31
cosivina,default,detection,500,headless,50,4,2.24
cosivina,default,detection,500,headless,50,5,2.24
cosivina,default,detection,500,headless,50,6,2.29
cosivina,default,detection,500,headless,50,7,2.33
cosivina,default,detection,500,headless,50,8,2.32
cosivina,default,detection,500,headless,50,9,2.31
cosivina,default,detection,500,headless,50,10,2.32
cosivina,default,detection,500,headless,100,1,1.16
cosivina,default,detection,500,headless,100,2,1.15
cosivina,default,detection,500,headless,100,3,1.13
cosivina,default,detection,500,headless,100,4,1.15
cosivina,default,detection,500,headless,100,5,1.15
cosivina,default,detection,500,headless,100,6,1.15
cosivina,default,detection,500,headless,100,7,1.16
cosivina,default,detection,500,headless,100,8,1.15
cosivina,default,detection,500,headless,100,9,1.16
cosivina,default,detection,500,headless,100,10,1.15
cosivina,default,selection,100,headless,5,1,734.49
cosivina,default,selection,100,headless,5,2,740.30
cosivina,default,selection,100,headless,5,3,745.48
cosivina,default,selection,100,headless,5,4,740.60
cosivina,default,selection,100,headless,5,5,738.76
cosivina,default,selection,100,headless,5,6,717.56
cosivina,default,selection,100,headless,5,7,744.46
cosivina,default,selection,100,headless,5,8,736.69
cosivina,default,selection,100,headless,5,9,740.25
cosivina,default,selection,100,headless,5,10,745.40
cosivina,default,selection,100,headless,10,1,372.14
cosivina,default,selection,100,headless,10,2,373.30
cosivina,default,selection,100,headless,10,3,370.88
cosivina,default,selection,100,headless,10,4,372.70
cosivina,default,selection,100,headless,10,5,370.41
cosivina,default,selection,100,headless,10,6,369.62
cosivina,default,selection,100,headless,10,7,372.55
cosivina,default,selection,100,headless,10,8,360.69
cosivina,default,selection,100,headless,10,9,366.84
cosivina,default,selection,100,headless,10,10,360.94
cosivina,default,selection,100,headless,50,1,71.17
cosivina,default,selection,100,headless,50,2,70.66
cosivina,default,selection,100,headless,50,3,70.74
cosivina,default,selection,100,headless,50,4,70.06
cosivina,default,selection,100,headless,50,5,69.67
cosivina,default,selection,100,headless,50,6,71.29
cosivina,default,selection,100,headless,50,7,70.30
cosivina,default,selection,100,headless,50,8,71.07
cosivina,default,selection,100,headless,50,9,69.03
cosivina,default,selection,100,headless,50,10,68.40
cosivina,default,selection,100,headless,100,1,32.91
cosivina,default,selection,100,headless,100,2,33.35
cosivina,default,selection,100,headless,100,3,33.18
cosivina,default,selection,100,headless,100,4,33.65
cosivina,default,selection,100,headless,100,5,33.41
cosivina,default,selection,100,headless,100,6,33.68
cosivina,default,selection,100,headless,100,7,33.37
cosivina,default,selection,100,headless,100,8,33.46
cosivina,default,selection,100,headless,100,9,33.30
cosivina,default,selection,100,headless,100,10,33.08
cosivina,default,selection,200,headless,5,1,210.24
cosivina,default,selection,200,headless,5,2,203.56
cosivina,default,selection,200,headless,5,3,205.79
cosivina,default,selection,200,headless,5,4,206.62
cosivina,default,selection,200,headless,5,5,210.30
cosivina,default,selection,200,headless,5,6,206.06
cosivina,default,selection,200,headless,5,7,209.11
cosivina,default,selection,200,headless,5,8,204.54
cosivina,default,selection,200,headless,5,9,208.24
cosivina,default,selection,200,headless,5,10,205.73
cosivina,default,selection,200,headless,10,1,101.98
cosivina,default,selection,200,headless,10,2,102.21
cosivina,default,selection,200,headless,10,3,99.51
cosivina,default,selection,200,headless,10,4,101.64
cosivina,default,selection,200,headless,10,5,102.48
cosivina,default,selection,200,headless,10,6,100.86
cosivina,default,selection,200,headless,10,7,99.44
cosivina,default,selection,200,headless,10,8,102.46
cosivina,default,selection,200,headless,10,9,101.62
cosivina,default,selection,200,headless,10,10,100.81
cosivina,default,selection,200,headless,50,1,18.35
cosivina,default,selection,200,headless,50,2,17.80
cosivina,default,selection,200,headless,50,3,17.99
cosivina,default,selection,200,headless,50,4,17.82
cosivina,default,selection,200,headless,50,5,17.61
cosivina,default,selection,200,headless,50,6,18.13
cosivina,default,selection,200,headless,50,7,18.25
cosivina,default,selection,200,headless,50,8,18.07
cosivina,default,selection,200,headless,50,9,18.33
cosivina,default,selection,200,headless,50,10,18.06
cosivina,default,selection,200,headless,100,1,9.09
cosivina,default,selection,200,headless,100,2,9.05
cosivina,default,selection,200,headless,100,3,9.20
cosivina,default,selection,200,headless,100,4,9.17
cosivina,default,selection,200,headless,100,5,9.25
cosivina,default,selection,200,headless,100,6,9.23
cosivina,default,selection,200,headless,100,7,9.14
cosivina,default,selection,200,headless,100,8,9.10
cosivina,default,selection,200,headless,100,9,9.11
cosivina,default,selection,200,headless,100,10,9.14
cosivina,default,selection,500,headless,5,1,17.18
cosivina,default,selection,500,headless,5,2,17.32
cosivina,default,selection,500,headless,5,3,16.70
cosivina,default,selection,500,headless,5,4,17.24
cosivina,default,selection,500,headless,5,5,17.21
cosivina,default,selection,500,headless,5,6,17.08
cosivina,default,selection,500,headless,5,7,17.07
cosivina,default,selection,500,headless,5,8,17.14
cosivina,default,selection,500,headless,5,9,17.05
cosivina,default,selection,500,headless,5,10,17.03
cosivina,default,selection,500,headless,10,1,8.37
cosivina,default,selection,500,headless,10,2,8.40
cosivina,default,selection,500,headless,10,3,8.37
cosivina,default,selection,500,headless,10,4,8.41
cosivina,default,selection,500,headless,10,5,8.39
cosivina,default,selection,500,headless,10,6,8.41
cosivina,default,selection,500,headless,10,7,8.39
cosivina,default,selection,500,headless,10,8,8.41
cosivina,default,selection,500,headless,10,9,8.38
cosivina,default,selection,500,headless,10,10,8.39
cosivina,default,selection,500,headless,50,1,1.65
cosivina,default,selection,500,headless,50,2,1.61
cosivina,default,selection,500,headless,50,3,1.65
cosivina,default,selection,500,headless,50,4,1.65
cosivina,default,selection,500,headless,50,5,1.66
cosivina,default,selection,500,headless,50,6,1.66
cosivina,default,selection,500,headless,50,7,1.66
cosivina,default,selection,500,headless,50,8,1.66
cosivina,default,selection,500,headless,50,9,1.66
cosivina,default,selection,500,headless,50,10,1.67
cosivina,default,selection,500,headless,100,1,0.83
cosivina,default,selection,500,headless,100,2,0.82
cosivina,default,selection,500,headless,100,3,0.83
cosivina,default,selection,500,headless,100,4,0.83
cosivina,default,selection,500,headless,100,5,0.83
cosivina,default,selection,500,headless,100,6,0.83
cosivina,default,selection,500,headless,100,7,0.82
cosivina,default,selection,500,headless,100,8,0.83
cosivina,default,selection,500,headless,100,9,0.83
cosivina,default,selection,500,headless,100,10,0.83
cosivina,default,memory,100,headless,5,1,369.38
cosivina,default,memory,100,headless,5,2,366.36
cosivina,default,memory,100,headless,5,3,366.23
cosivina,default,memory,100,headless,5,4,367.12
cosivina,default,memory,100,headless,5,5,340.02
cosivina,default,memory,100,headless,5,6,362.71
cosivina,default,memory,100,headless,5,7,361.35
cosivina,default,memory,100,headless,5,8,364.77
cosivina,default,memory,100,headless,5,9,357.41
cosivina,default,memory,100,headless,5,10,365.54
cosivina,default,memory,100,headless,10,1,182.55
cosivina,default,memory,100,headless,10,2,178.15
cosivina,default,memory,100,headless,10,3,176.02
cosivina,default,memory,100,headless,10,4,181.36
cosivina,default,memory,100,headless,10,5,183.21
cosivina,default,memory,100,headless,10,6,176.40
cosivina,default,memory,100,headless,10,7,182.33
cosivina,default,memory,100,headless,10,8,170.53
cosivina,default,memory,100,headless,10,9,173.71
cosivina,default,memory,100,headless,10,10,174.82
cosivina,default,memory,100,headless,50,1,33.40
cosivina,default,memory,100,headless,50,2,33.81
cosivina,default,memory,100,headless,50,3,33.51
cosivina,default,memory,100,headless,50,4,34.25
cosivina,default,memory,100,headless,50,5,33.88
cosivina,default,memory,100,headless,50,6,33.91
cosivina,default,memory,100,headless,50,7,34.41
cosivina,default,memory,100,headless,50,8,34.43
cosivina,default,memory,100,headless,50,9,34.65
cosivina,default,memory,100,headless,50,10,34.75
cosivina,default,memory,100,headless,100,1,17.20
cosivina,default,memory,100,headless,100,2,17.07
cosivina,default,memory,100,headless,100,3,17.31
cosivina,default,memory,100,headless,100,4,17.31
cosivina,default,memory,100,headless,100,5,17.45
cosivina,default,memory,100,headless,100,6,17.26
cosivina,default,memory,100,headless,100,7,17.07
cosivina,default,memory,100,headless,100,8,17.40
cosivina,default,memory,100,headless,100,9,16.65
cosivina,default,memory,100,headless,100,10,16.43
cosivina,default,memory,200,headless,5,1,107.15
cosivina,default,memory,200,headless,5,2,108.51
cosivina,default,memory,200,headless,5,3,106.57
cosivina,default,memory,200,headless,5,4,107.31
cosivina,default,memory,200,headless,5,5,108.04
cosivina,default,memory,200,headless,5,6,104.32
cosivina,default,memory,200,headless,5,7,106.20
cosivina,default,memory,200,headless,5,8,109.48
cosivina,default,memory,200,headless,5,9,106.58
cosivina,default,memory,200,headless,5,10,110.18
cosivina,default,memory,200,headless,10,1,54.41
cosivina,default,memory,200,headless,10,2,55.03
cosivina,default,memory,200,headless,10,3,54.85
cosivina,default,memory,200,headless,10,4,53.80
cosivina,default,memory,200,headless,10,5,54.38
cosivina,default,memory,200,headless,10,6,55.24
cosivina,default,memory,200,headless,10,7,53.37
cosivina,default,memory,200,headless,10,8,55.00
cosivina,default,memory,200,headless,10,9,53.99
cosivina,default,memory,200,headless,10,10,54.45
cosivina,default,memory,200,headless,50,1,10.41
cosivina,default,memory,200,headless,50,2,10.05
cosivina,default,memory,200,headless,50,3,10.02
cosivina,default,memory,200,headless,50,4,10.23
cosivina,default,memory,200,headless,50,5,10.36
cosivina,default,memory,200,headless,50,6,10.39
cosivina,default,memory,200,headless,50,7,10.42
cosivina,default,memory,200,headless,50,8,10.41
cosivina,default,memory,200,headless,50,9,10.45
cosivina,default,memory,200,headless,50,10,10.49
cosivina,default,memory,200,headless,100,1,5.18
cosivina,default,memory,200,headless,100,2,5.16
cosivina,default,memory,200,headless,100,3,5.14
cosivina,default,memory,200,headless,100,4,5.11
cosivina,default,memory,200,headless,100,5,5.19
cosivina,default,memory,200,headless,100,6,5.16
cosivina,default,memory,200,headless,100,7,5.17
cosivina,default,memory,200,headless,100,8,5.13
cosivina,default,memory,200,headless,100,9,5.04
cosivina,default,memory,200,headless,100,10,5.17
cosivina,default,memory,500,headless,5,1,12.49
cosivina,default,memory,500,headless,5,2,12.51
cosivina,default,memory,500,headless,5,3,12.44
cosivina,default,memory,500,headless,5,4,12.57
cosivina,default,memory,500,headless,5,5,12.46
cosivina,default,memory,500,headless,5,6,12.56
cosivina,default,memory,500,headless,5,7,12.51
cosivina,default,memory,500,headless,5,8,12.57
cosivina,default,memory,500,headless,5,9,12.45
cosivina,default,memory,500,headless,5,10,12.19
cosivina,default,memory,500,headless,10,1,6.15
cosivina,default,memory,500,headless,10,2,6.18
cosivina,default,memory,500,headless,10,3,6.18
cosivina,default,memory,500,headless,10,4,6.01
cosivina,default,memory,500,headless,10,5,6.17
cosivina,default,memory,500,headless,10,6,6.16
cosivina,default,memory,500,headless,10,7,6.20
cosivina,default,memory,500,headless,10,8,5.99
cosivina,default,memory,500,headless,10,9,6.14
cosivina,default,memory,500,headless,10,10,6.07
cosivina,default,memory,500,headless,50,1,1.22
cosivina,default,memory,500,headless,50,2,1.23
cosivina,default,memory,500,headless,50,3,1.20
cosivina,default,memory,500,headless,50,4,1.20
cosivina,default,memory,500,headless,50,5,1.22
cosivina,default,memory,500,headless,50,6,1.21
cosivina,default,memory,500,headless,50,7,1.23
cosivina,default,memory,500,headless,50,8,1.22
cosivina,default,memory,500,headless,50,9,1.21
cosivina,default,memory,500,headless,50,10,1.22
cosivina,default,memory,500,headless,100,1,0.61
cosivina,default,memory,500,headless,100,2,0.61
cosivina,default,memory,500,headless,100,3,0.61
cosivina,default,memory,500,headless,100,4,0.61
cosivina,default,memory,500,headless,100,5,0.61
cosivina,default,memory,500,headless,100,6,0.61
cosivina,default,memory,500,headless,100,7,0.61
cosivina,default,memory,500,headless,100,8,0.60
cosivina,default,memory,500,headless,100,9,0.60
cosivina,default,memory,500,headless,100,10,0.60
cosivina,default,multi-peak,100,headless,5,1,858.44
cosivina,default,multi-peak,100,headless,5,2,861.30
cosivina,default,multi-peak,100,headless,5,3,863.90
cosivina,default,multi-peak,100,headless,5,4,865.57
cosivina,default,multi-peak,100,headless,5,5,854.66
cosivina,default,multi-peak,100,headless,5,6,864.57
cosivina,default,multi-peak,100,headless,5,7,868.82
cosivina,default,multi-peak,100,headless,5,8,871.56
cosivina,default,multi-peak,100,headless,5,9,875.11
cosivina,default,multi-peak,100,headless,5,10,882.24
cosivina,default,multi-peak,100,headless,10,1,431.43
cosivina,default,multi-peak,100,headless,10,2,435.88
cosivina,default,multi-peak,100,headless,10,3,433.48
cosivina,default,multi-peak,100,headless,10,4,431.17
cosivina,default,multi-peak,100,headless,10,5,412.18
cosivina,default,multi-peak,100,headless,10,6,403.63
cosivina,default,multi-peak,100,headless,10,7,429.53
cosivina,default,multi-peak,100,headless,10,8,430.43
cosivina,default,multi-peak,100,headless,10,9,429.60
cosivina,default,multi-peak,100,headless,10,10,429.54
cosivina,default,multi-peak,100,headless,50,1,80.15
cosivina,default,multi-peak,100,headless,50,2,78.52
cosivina,default,multi-peak,100,headless,50,3,80.13
cosivina,default,multi-peak,100,headless,50,4,80.36
cosivina,default,multi-peak,100,headless,50,5,77.39
cosivina,default,multi-peak,100,headless,50,6,79.83
cosivina,default,multi-peak,100,headless,50,7,80.03
cosivina,default,multi-peak,100,headless,50,8,80.45
cosivina,default,multi-peak,100,headless,50,9,80.04
cosivina,default,multi-peak,100,headless,50,10,79.26
cosivina,default,multi-peak,100,headless,100,1,38.22
cosivina,default,multi-peak,100,headless,100,2,38.79
cosivina,default,multi-peak,100,headless,100,3,38.52
cosivina,default,multi-peak,100,headless,100,4,38.50
cosivina,default,multi-peak,100,headless,100,5,38.72
cosivina,default,multi-peak,100,headless,100,6,38.46
cosivina,default,multi-peak,100,headless,100,7,38.56
cosivina,default,multi-peak,100,headless,100,8,38.99
cosivina,default,multi-peak,100,headless,100,9,38.90
cosivina,default,multi-peak,100,headless,100,10,38.94
cosivina,default,multi-peak,200,headless,5,1,301.08
cosivina,default,multi-peak,200,headless,5,2,290.28
cosivina,default,multi-peak,200,headless,5,3,300.74
cosivina,default,multi-peak,200,headless,5,4,304.40
cosivina,default,multi-peak,200,headless,5,5,304.89
cosivina,default,multi-peak,200,headless,5,6,304.91
cosivina,default,multi-peak,200,headless,5,7,307.02
cosivina,default,multi-peak,200,headless,5,8,303.68
cosivina,default,multi-peak,200,headless,5,9,302.16
cosivina,default,multi-peak,200,headless,5,10,300.58
cosivina,default,multi-peak,200,headless,10,1,145.11
cosivina,default,multi-peak,200,headless,10,2,145.18
cosivina,default,multi-peak,200,headless,10,3,147.08
cosivina,default,multi-peak,200,headless,10,4,142.19
cosivina,default,multi-peak,200,headless,10,5,140.62
cosivina,default,multi-peak,200,headless,10,6,138.28
cosivina,default,multi-peak,200,headless,10,7,142.92
cosivina,default,multi-peak,200,headless,10,8,143.83
cosivina,default,multi-peak,200,headless,10,9,141.39
cosivina,default,multi-peak,200,headless,10,10,138.77
cosivina,default,multi-peak,200,headless,50,1,24.45
cosivina,default,multi-peak,200,headless,50,2,24.90
cosivina,default,multi-peak,200,headless,50,3,25.33
cosivina,default,multi-peak,200,headless,50,4,25.35
cosivina,default,multi-peak,200,headless,50,5,25.28
cosivina,default,multi-peak,200,headless,50,6,25.18
cosivina,default,multi-peak,200,headless,50,7,24.97
cosivina,default,multi-peak,200,headless,50,8,25.12
cosivina,default,multi-peak,200,headless,50,9,24.81
cosivina,default,multi-peak,200,headless,50,10,24.09
cosivina,default,multi-peak,200,headless,100,1,12.69
cosivina,default,multi-peak,200,headless,100,2,12.47
cosivina,default,multi-peak,200,headless,100,3,12.57
cosivina,default,multi-peak,200,headless,100,4,12.60
cosivina,default,multi-peak,200,headless,100,5,12.68
cosivina,default,multi-peak,200,headless,100,6,12.61
cosivina,default,multi-peak,200,headless,100,7,12.58
cosivina,default,multi-peak,200,headless,100,8,12.62
cosivina,default,multi-peak,200,headless,100,9,12.74
cosivina,default,multi-peak,200,headless,100,10,12.67
cosivina,default,multi-peak,500,headless,5,1,25.68
cosivina,default,multi-peak,500,headless,5,2,25.92
cosivina,default,multi-peak,500,headless,5,3,25.98
cosivina,default,multi-peak,500,headless,5,4,25.92
cosivina,default,multi-peak,500,headless,5,5,26.02
cosivina,default,multi-peak,500,headless,5,6,25.96
cosivina,default,multi-peak,500,headless,5,7,25.80
cosivina,default,multi-peak,500,headless,5,8,25.42
cosivina,default,multi-peak,500,headless,5,9,25.55
cosivina,default,multi-peak,500,headless,5,10,25.64
cosivina,default,multi-peak,500,headless,10,1,12.22
cosivina,default,multi-peak,500,headless,10,2,12.19
cosivina,default,multi-peak,500,headless,10,3,12.21
cosivina,default,multi-peak,500,headless,10,4,12.20
cosivina,default,multi-peak,500,headless,10,5,12.05
cosivina,default,multi-peak,500,headless,10,6,11.80
cosivina,default,multi-peak,500,headless,10,7,11.82
cosivina,default,multi-peak,500,headless,10,8,11.81
cosivina,default,multi-peak,500,headless,10,9,11.85
cosivina,default,multi-peak,500,headless,10,10,12.05
cosivina,default,multi-peak,500,headless,50,1,2.35
cosivina,default,multi-peak,500,headless,50,2,2.36
cosivina,default,multi-peak,500,headless,50,3,2.38
cosivina,default,multi-peak,500,headless,50,4,2.37
cosivina,default,multi-peak,500,headless,50,5,2.35
cosivina,default,multi-peak,500,headless,50,6,2.35
cosivina,default,multi-peak,500,headless,50,7,2.30
cosivina,default,multi-peak,500,headless,50,8,2.36
cosivina,default,multi-peak,500,headless,50,9,2.33
cosivina,default,multi-peak,500,headless,50,10,2.38
cosivina,default,multi-peak,500,headless,100,1,1.18
cosivina,default,multi-peak,500,headless,100,2,1.16
cosivina,default,multi-peak,500,headless,100,3,1.17
cosivina,default,multi-peak,500,headless,100,4,1.17
cosivina,default,multi-peak,500,headless,100,5,1.18
cosivina,default,multi-peak,500,headless,100,6,1.17
cosivina,default,multi-peak,500,headless,100,7,1.17
cosivina,default,multi-peak,500,headless,100,8,1.18
cosivina,default,multi-peak,500,headless,100,9,1.17
cosivina,default,multi-peak,500,headless,100,10,1.16
cosivina,fft,detection,100,headless,5,1,712.24
cosivina,fft,detection,100,headless,5,2,808.82
cosivina,fft,detection,100,headless,5,3,912.71
cosivina,fft,detection,100,headless,5,4,908.05
cosivina,fft,detection,100,headless,5,5,873.05
cosivina,fft,detection,100,headless,5,6,938.26
cosivina,fft,detection,100,headless,5,7,953.33
cosivina,fft,detection,100,headless,5,8,950.92
cosivina,fft,detection,100,headless,5,9,959.14
cosivina,fft,detection,100,headless,5,10,949.72
cosivina,fft,detection,100,headless,10,1,481.81
cosivina,fft,detection,100,headless,10,2,483.91
cosivina,fft,detection,100,headless,10,3,480.32
cosivina,fft,detection,100,headless,10,4,471.70
cosivina,fft,detection,100,headless,10,5,478.49
cosivina,fft,detection,100,headless,10,6,475.68
cosivina,fft,detection,100,headless,10,7,486.16
cosivina,fft,detection,100,headless,10,8,487.52
cosivina,fft,detection,100,headless,10,9,481.84
cosivina,fft,detection,100,headless,10,10,485.76
cosivina,fft,detection,100,headless,50,1,91.92
cosivina,fft,detection,100,headless,50,2,92.32
cosivina,fft,detection,100,headless,50,3,93.31
cosivina,fft,detection,100,headless,50,4,92.54
cosivina,fft,detection,100,headless,50,5,92.58
cosivina,fft,detection,100,headless,50,6,93.10
cosivina,fft,detection,100,headless,50,7,92.85
cosivina,fft,detection,100,headless,50,8,90.70
cosivina,fft,detection,100,headless,50,9,91.17
cosivina,fft,detection,100,headless,50,10,91.13
cosivina,fft,detection,100,headless,100,1,43.83
cosivina,fft,detection,100,headless,100,2,43.90
cosivina,fft,detection,100,headless,100,3,43.82
cosivina,fft,detection,100,headless,100,4,43.63
cosivina,fft,detection,100,headless,100,5,42.92
cosivina,fft,detection,100,headless,100,6,43.27
cosivina,fft,detection,100,headless,100,7,42.57
cosivina,fft,detection,100,headless,100,8,42.62
cosivina,fft,detection,100,headless,100,9,43.06
cosivina,fft,detection,100,headless,100,10,43.60
cosivina,fft,detection,200,headless,5,1,255.22
cosivina,fft,detection,200,headless,5,2,250.93
cosivina,fft,detection,200,headless,5,3,231.49
cosivina,fft,detection,200,headless,5,4,223.32
cosivina,fft,detection,200,headless,5,5,247.58
cosivina,fft,detection,200,headless,5,6,240.91
cosivina,fft,detection,200,headless,5,7,260.25
cosivina,fft,detection,200,headless,5,8,262.60
cosivina,fft,detection,200,headless,5,9,262.53
cosivina,fft,detection,200,headless,5,10,259.41
cosivina,fft,detection,200,headless,10,1,127.11
cosivina,fft,detection,200,headless,10,2,126.64
cosivina,fft,detection,200,headless,10,3,127.37
cosivina,fft,detection,200,headless,10,4,125.23
cosivina,fft,detection,200,headless,10,5,125.65
cosivina,fft,detection,200,headless,10,6,125.44
cosivina,fft,detection,200,headless,10,7,126.72
cosivina,fft,detection,200,headless,10,8,126.21
cosivina,fft,detection,200,headless,10,9,127.77
cosivina,fft,detection,200,headless,10,10,121.25
cosivina,fft,detection,200,headless,50,1,23.16
cosivina,fft,detection,200,headless,50,2,23.03
cosivina,fft,detection,200,headless,50,3,22.85
cosivina,fft,detection,200,headless,50,4,22.91
cosivina,fft,detection,200,headless,50,5,22.87
cosivina,fft,detection,200,headless,50,6,23.09
cosivina,fft,detection,200,headless,50,7,23.01
cosivina,fft,detection,200,headless,50,8,22.69
cosivina,fft,detection,200,headless,50,9,23.00
cosivina,fft,detection,200,headless,50,10,23.07
cosivina,fft,detection,200,headless,100,1,11.60
cosivina,fft,detection,200,headless,100,2,11.55
cosivina,fft,detection,200,headless,100,3,11.15
cosivina,fft,detection,200,headless,100,4,11.54
cosivina,fft,detection,200,headless,100,5,11.47
cosivina,fft,detection,200,headless,100,6,11.39
cosivina,fft,detection,200,headless,100,7,11.43
cosivina,fft,detection,200,headless,100,8,11.41
cosivina,fft,detection,200,headless,100,9,11.48
cosivina,fft,detection,200,headless,100,10,11.38
cosivina,fft,detection,500,headless,5,1,20.95
cosivina,fft,detection,500,headless,5,2,21.20
cosivina,fft,detection,500,headless,5,3,21.18
cosivina,fft,detection,500,headless,5,4,20.99
cosivina,fft,detection,500,headless,5,5,20.98
cosivina,fft,detection,500,headless,5,6,20.93
cosivina,fft,detection,500,headless,5,7,21.08
cosivina,fft,detection,500,headless,5,8,21.23
cosivina,fft,detection,500,headless,5,9,20.82
cosivina,fft,detection,500,headless,5,10,21.20
cosivina,fft,detection,500,headless,10,1,10.52
cosivina,fft,detection,500,headless,10,2,10.46
cosivina,fft,detection,500,headless,10,3,10.44
cosivina,fft,detection,500,headless,10,4,10.49
cosivina,fft,detection,500,headless,10,5,10.42
cosivina,fft,detection,500,headless,10,6,10.37
cosivina,fft,detection,500,headless,10,7,10.54
cosivina,fft,detection,500,headless,10,8,10.50
cosivina,fft,detection,500,headless,10,9,10.49
cosivina,fft,detection,500,headless,10,10,10.51
cosivina,fft,detection,500,headless,50,1,2.08
cosivina,fft,detection,500,headless,50,2,2.08
cosivina,fft,detection,500,headless,50,3,2.09
cosivina,fft,detection,500,headless,50,4,2.06
cosivina,fft,detection,500,headless,50,5,2.06
cosivina,fft,detection,500,headless,50,6,2.09
cosivina,fft,detection,500,headless,50,7,2.06
cosivina,fft,detection,500,headless,50,8,2.07
cosivina,fft,detection,500,headless,50,9,2.05
cosivina,fft,detection,500,headless,50,10,2.06
cosivina,fft,detection,500,headless,100,1,1.04
cosivina,fft,detection,500,headless,100,2,1.03
cosivina,fft,detection,500,headless,100,3,1.05
cosivina,fft,detection,500,headless,100,4,1.05
cosivina,fft,detection,500,headless,100,5,1.04
cosivina,fft,detection,500,headless,100,6,1.04
cosivina,fft,detection,500,headless,100,7,1.04
cosivina,fft,detection,500,headless,100,8,1.05
cosivina,fft,detection,500,headless,100,9,1.04
cosivina,fft,detection,500,headless,100,10,1.03
cosivina,fft,selection,100,headless,5,1,984.85
cosivina,fft,selection,100,headless,5,2,977.57
cosivina,fft,selection,100,headless,5,3,985.78
cosivina,fft,selection,100,headless,5,4,984.81
cosivina,fft,selection,100,headless,5,5,1000.01
cosivina,fft,selection,100,headless,5,6,984.70
cosivina,fft,selection,100,headless,5,7,1001.59
cosivina,fft,selection,100,headless,5,8,987.18
cosivina,fft,selection,100,headless,5,9,995.10
cosivina,fft,selection,100,headless,5,10,985.39
cosivina,fft,selection,100,headless,10,1,480.84
cosivina,fft,selection,100,headless,10,2,494.45
cosivina,fft,selection,100,headless,10,3,469.51
cosivina,fft,selection,100,headless,10,4,450.10
cosivina,fft,selection,100,headless,10,5,484.23
cosivina,fft,selection,100,headless,10,6,463.88
cosivina,fft,selection,100,headless,10,7,487.87
cosivina,fft,selection,100,headless,10,8,490.48
cosivina,fft,selection,100,headless,10,9,490.23
cosivina,fft,selection,100,headless,10,10,495.59
cosivina,fft,selection,100,headless,50,1,90.77
cosivina,fft,selection,100,headless,50,2,90.26
cosivina,fft,selection,100,headless,50,3,91.31
cosivina,fft,selection,100,headless,50,4,91.42
cosivina,fft,selection,100,headless,50,5,92.70
cosivina,fft,selection,100,headless,50,6,91.77
cosivina,fft,selection,100,headless,50,7,90.08
cosivina,fft,selection,100,headless,50,8,91.29
cosivina,fft,selection,100,headless,50,9,90.26
cosivina,fft,selection,100,headless,50,10,92.25
cosivina,fft,selection,100,headless,100,1,44.02
cosivina,fft,selection,100,headless,100,2,42.78
cosivina,fft,selection,100,headless,100,3,42.03
cosivina,fft,selection,100,headless,100,4,41.86
cosivina,fft,selection,100,headless,100,5,43.32
cosivina,fft,selection,100,headless,100,6,43.39
cosivina,fft,selection,100,headless,100,7,43.06
cosivina,fft,selection,100,headless,100,8,42.12
cosivina,fft,selection,100,headless,100,9,42.06
cosivina,fft,selection,100,headless,100,10,42.35
cosivina,fft,selection,200,headless,5,1,252.60
cosivina,fft,selection,200,headless,5,2,257.81
cosivina,fft,selection,200,headless,5,3,258.91
cosivina,fft,selection,200,headless,5,4,259.10
cosivina,fft,selection,200,headless,5,5,259.23
cosivina,fft,selection,200,headless,5,6,256.26
cosivina,fft,selection,200,headless,5,7,259.26
cosivina,fft,selection,200,headless,5,8,258.56
cosivina,fft,selection,200,headless,5,9,255.83
cosivina,fft,selection,200,headless,5,10,237.67
cosivina,fft,selection,200,headless,10,1,123.46
cosivina,fft,selection,200,headless,10,2,123.87
cosivina,fft,selection,200,headless,10,3,122.51
cosivina,fft,selection,200,headless,10,4,123.18
cosivina,fft,selection,200,headless,10,5,123.86
cosivina,fft,selection,200,headless,10,6,123.35
cosivina,fft,selection,200,headless,10,7,121.48
cosivina,fft,selection,200,headless,10,8,125.88
cosivina,fft,selection,200,headless,10,9,124.47
cosivina,fft,selection,200,headless,10,10,123.76
cosivina,fft,selection,200,headless,50,1,22.76
cosivina,fft,selection,200,headless,50,2,22.53
cosivina,fft,selection,200,headless,50,3,22.97
cosivina,fft,selection,200,headless,50,4,22.75
cosivina,fft,selection,200,headless,50,5,22.78
cosivina,fft,selection,200,headless,50,6,22.63
cosivina,fft,selection,200,headless,50,7,22.70
cosivina,fft,selection,200,headless,50,8,22.90
cosivina,fft,selection,200,headless,50,9,23.03
cosivina,fft,selection,200,headless,50,10,22.88
cosivina,fft,selection,200,headless,100,1,11.27
cosivina,fft,selection,200,headless,100,2,11.40
cosivina,fft,selection,200,headless,100,3,11.26
cosivina,fft,selection,200,headless,100,4,11.31
cosivina,fft,selection,200,headless,100,5,11.41
cosivina,fft,selection,200,headless,100,6,11.48
cosivina,fft,selection,200,headless,100,7,11.34
cosivina,fft,selection,200,headless,100,8,11.38
cosivina,fft,selection,200,headless,100,9,11.24
cosivina,fft,selection,200,headless,100,10,11.23
cosivina,fft,selection,500,headless,5,1,20.50
cosivina,fft,selection,500,headless,5,2,20.49
cosivina,fft,selection,500,headless,5,3,20.08
cosivina,fft,selection,500,headless,5,4,19.39
cosivina,fft,selection,500,headless,5,5,20.29
cosivina,fft,selection,500,headless,5,6,20.54
cosivina,fft,selection,500,headless,5,7,20.42
cosivina,fft,selection,500,headless,5,8,20.44
cosivina,fft,selection,500,headless,5,9,20.10
cosivina,fft,selection,500,headless,5,10,20.56
cosivina,fft,selection,500,headless,10,1,9.94
cosivina,fft,selection,500,headless,10,2,9.65
cosivina,fft,selection,500,headless,10,3,10.26
cosivina,fft,selection,500,headless,10,4,10.14
cosivina,fft,selection,500,headless,10,5,10.08
cosivina,fft,selection,500,headless,10,6,10.22
cosivina,fft,selection,500,headless,10,7,10.26
cosivina,fft,selection,500,headless,10,8,10.12
cosivina,fft,selection,500,headless,10,9,10.20
cosivina,fft,selection,500,headless,10,10,10.03
cosivina,fft,selection,500,headless,50,1,1.94
cosivina,fft,selection,500,headless,50,2,1.99
cosivina,fft,selection,500,headless,50,3,2.00
cosivina,fft,selection,500,headless,50,4,2.01
cosivina,fft,selection,500,headless,50,5,2.01
cosivina,fft,selection,500,headless,50,6,2.00
cosivina,fft,selection,500,headless,50,7,2.00
cosivina,fft,selection,500,headless,50,8,2.02
cosivina,fft,selection,500,headless,50,9,2.01
cosivina,fft,selection,500,headless,50,10,1.97
cosivina,fft,selection,500,headless,100,1,0.99
cosivina,fft,selection,500,headless,100,2,0.99
cosivina,fft,selection,500,headless,100,3,1.00
cosivina,fft,selection,500,headless,100,4,1.00
cosivina,fft,selection,500,headless,100,5,1.00
cosivina,fft,selection,500,headless,100,6,1.00
cosivina,fft,selection,500,headless,100,7,1.00
cosivina,fft,selection,500,headless,100,8,1.00
cosivina,fft,selection,500,headless,100,9,1.00
cosivina,fft,selection,500,headless,100,10,1.00
cosivina,fft,memory,100,headless,5,1,1015.04
cosivina,fft,memory,100,headless,5,2,1014.79
cosivina,fft,memory,100,headless,5,3,999.44
cosivina,fft,memory,100,headless,5,4,1024.76
cosivina,fft,memory,100,headless,5,5,1025.24
cosivina,fft,memory,100,headless,5,6,991.24
cosivina,fft,memory,100,headless,5,7,1023.51
cosivina,fft,memory,100,headless,5,8,1005.29
cosivina,fft,memory,100,headless,5,9,1027.58
cosivina,fft,memory,100,headless,5,10,1015.01
cosivina,fft,memory,100,headless,10,1,489.20
cosivina,fft,memory,100,headless,10,2,492.50
cosivina,fft,memory,100,headless,10,3,489.91
cosivina,fft,memory,100,headless,10,4,493.52
cosivina,fft,memory,100,headless,10,5,497.29
cosivina,fft,memory,100,headless,10,6,497.46
cosivina,fft,memory,100,headless,10,7,495.12
cosivina,fft,memory,100,headless,10,8,496.88
cosivina,fft,memory,100,headless,10,9,494.03
cosivina,fft,memory,100,headless,10,10,500.97
cosivina,fft,memory,100,headless,50,1,92.13
cosivina,fft,memory,100,headless,50,2,93.53
cosivina,fft,memory,100,headless,50,3,93.86
cosivina,fft,memory,100,headless,50,4,93.30
cosivina,fft,memory,100,headless,50,5,93.90
cosivina,fft,memory,100,headless,50,6,92.89
cosivina,fft,memory,100,headless,50,7,93.90
cosivina,fft,memory,100,headless,50,8,94.11
cosivina,fft,memory,100,headless,50,9,93.23
cosivina,fft,memory,100,headless,50,10,94.11
cosivina,fft,memory,100,headless,100,1,44.13
cosivina,fft,memory,100,headless,100,2,44.06
cosivina,fft,memory,100,headless,100,3,44.52
cosivina,fft,memory,100,headless,100,4,43.70
cosivina,fft,memory,100,headless,100,5,44.08
cosivina,fft,memory,100,headless,100,6,44.78
cosivina,fft,memory,100,headless,100,7,44.57
cosivina,fft,memory,100,headless,100,8,44.21
cosivina,fft,memory,100,headless,100,9,44.35
cosivina,fft,memory,100,headless,100,10,43.96
cosivina,fft,memory,200,headless,5,1,260.40
cosivina,fft,memory,200,headless,5,2,260.41
cosivina,fft,memory,200,headless,5,3,260.41
cosivina,fft,memory,200,headless,5,4,264.86
cosivina,fft,memory,200,headless,5,5,264.13
cosivina,fft,memory,200,headless,5,6,264.92
cosivina,fft,memory,200,headless,5,7,262.51
cosivina,fft,memory,200,headless,5,8,261.28
cosivina,fft,memory,200,headless,5,9,256.82
cosivina,fft,memory,200,headless,5,10,263.12
cosivina,fft,memory,200,headless,10,1,127.84
cosivina,fft,memory,200,headless,10,2,128.11
cosivina,fft,memory,200,headless,10,3,126.46
cosivina,fft,memory,200,headless,10,4,129.03
cosivina,fft,memory,200,headless,10,5,127.93
cosivina,fft,memory,200,headless,10,6,126.43
cosivina,fft,memory,200,headless,10,7,126.61
cosivina,fft,memory,200,headless,10,8,127.65
cosivina,fft,memory,200,headless,10,9,128.64
cosivina,fft,memory,200,headless,10,10,125.77
cosivina,fft,memory,200,headless,50,1,23.24
cosivina,fft,memory,200,headless,50,2,23.40
cosivina,fft,memory,200,headless,50,3,23.33
cosivina,fft,memory,200,headless,50,4,23.77
cosivina,fft,memory,200,headless,50,5,23.12
cosivina,fft,memory,200,headless,50,6,23.84
cosivina,fft,memory,200,headless,50,7,23.68
cosivina,fft,memory,200,headless,50,8,23.34
cosivina,fft,memory,200,headless,50,9,23.34
cosivina,fft,memory,200,headless,50,10,23.33
cosivina,fft,memory,200,headless,100,1,11.71
cosivina,fft,memory,200,headless,100,2,11.57
cosivina,fft,memory,200,headless,100,3,11.64
cosivina,fft,memory,200,headless,100,4,11.54
cosivina,fft,memory,200,headless,100,5,11.34
cosivina,fft,memory,200,headless,100,6,11.50
cosivina,fft,memory,200,headless,100,7,11.63
cosivina,fft,memory,200,headless,100,8,11.67
cosivina,fft,memory,200,headless,100,9,11.57
cosivina,fft,memory,200,headless,100,10,11.72
cosivina,fft,memory,500,headless,5,1,21.65
cosivina,fft,memory,500,headless,5,2,21.62
cosivina,fft,memory,500,headless,5,3,21.66
cosivina,fft,memory,500,headless,5,4,21.66
cosivina,fft,memory,500,headless,5,5,21.99
cosivina,fft,memory,500,headless,5,6,22.11
cosivina,fft,memory,500,headless,5,7,22.02
cosivina,fft,memory,500,headless,5,8,22.08
cosivina,fft,memory,500,headless,5,9,21.77
cosivina,fft,memory,500,headless,5,10,21.74
cosivina,fft,memory,500,headless,10,1,10.73
cosivina,fft,memory,500,headless,10,2,10.68
cosivina,fft,memory,500,headless,10,3,10.57
cosivina,fft,memory,500,headless,10,4,10.80
cosivina,fft,memory,500,headless,10,5,10.73
cosivina,fft,memory,500,headless,10,6,10.82
cosivina,fft,memory,500,headless,10,7,10.69
cosivina,fft,memory,500,headless,10,8,10.77
cosivina,fft,memory,500,headless,10,9,10.78
cosivina,fft,memory,500,headless,10,10,10.72
cosivina,fft,memory,500,headless,50,1,2.11
cosivina,fft,memory,500,headless,50,2,2.13
cosivina,fft,memory,500,headless,50,3,2.11
cosivina,fft,memory,500,headless,50,4,2.11
cosivina,fft,memory,500,headless,50,5,2.13
cosivina,fft,memory,500,headless,50,6,2.12
cosivina,fft,memory,500,headless,50,7,2.09
cosivina,fft,memory,500,headless,50,8,2.11
cosivina,fft,memory,500,headless,50,9,2.11
cosivina,fft,memory,500,headless,50,10,2.12
cosivina,fft,memory,500,headless,100,1,1.07
cosivina,fft,memory,500,headless,100,2,1.07
cosivina,fft,memory,500,headless,100,3,1.05
cosivina,fft,memory,500,headless,100,4,1.06
cosivina,fft,memory,500,headless,100,5,1.06
cosivina,fft,memory,500,headless,100,6,1.06
cosivina,fft,memory,500,headless,100,7,1.05
cosivina,fft,memory,500,headless,100,8,1.06
cosivina,fft,memory,500,headless,100,9,1.06
cosivina,fft,memory,500,headless,100,10,1.06
cosivina,fft,multi-peak,100,headless,5,1,965.37
cosivina,fft,multi-peak,100,headless,5,2,957.52
cosivina,fft,multi-peak,100,headless,5,3,950.18
cosivina,fft,multi-peak,100,headless,5,4,955.52
cosivina,fft,multi-peak,100,headless,5,5,962.16
cosivina,fft,multi-peak,100,headless,5,6,959.97
cosivina,fft,multi-peak,100,headless,5,7,946.45
cosivina,fft,multi-peak,100,headless,5,8,969.14
cosivina,fft,multi-peak,100,headless,5,9,957.71
cosivina,fft,multi-peak,100,headless,5,10,962.14
cosivina,fft,multi-peak,100,headless,10,1,434.77
cosivina,fft,multi-peak,100,headless,10,2,477.84
cosivina,fft,multi-peak,100,headless,10,3,467.56
cosivina,fft,multi-peak,100,headless,10,4,474.73
cosivina,fft,multi-peak,100,headless,10,5,469.38
cosivina,fft,multi-peak,100,headless,10,6,465.35
cosivina,fft,multi-peak,100,headless,10,7,425.56
cosivina,fft,multi-peak,100,headless,10,8,439.92
cosivina,fft,multi-peak,100,headless,10,9,470.34
cosivina,fft,multi-peak,100,headless,10,10,474.68
cosivina,fft,multi-peak,100,headless,50,1,87.71
cosivina,fft,multi-peak,100,headless,50,2,88.20
cosivina,fft,multi-peak,100,headless,50,3,89.60
cosivina,fft,multi-peak,100,headless,50,4,89.35
cosivina,fft,multi-peak,100,headless,50,5,88.70
cosivina,fft,multi-peak,100,headless,50,6,89.06
cosivina,fft,multi-peak,100,headless,50,7,89.10
cosivina,fft,multi-peak,100,headless,50,8,87.44
cosivina,fft,multi-peak,100,headless,50,9,89.33
cosivina,fft,multi-peak,100,headless,50,10,88.37
cosivina,fft,multi-peak,100,headless,100,1,41.99
cosivina,fft,multi-peak,100,headless,100,2,41.62
cosivina,fft,multi-peak,100,headless,100,3,41.99
cosivina,fft,multi-peak,100,headless,100,4,41.37
cosivina,fft,multi-peak,100,headless,100,5,41.33
cosivina,fft,multi-peak,100,headless,100,6,40.69
cosivina,fft,multi-peak,100,headless,100,7,42.30
cosivina,fft,multi-peak,100,headless,100,8,41.64
cosivina,fft,multi-peak,100,headless,100,9,41.86
cosivina,fft,multi-peak,100,headless,100,10,41.50
cosivina,fft,multi-peak,200,headless,5,1,254.95
cosivina,fft,multi-peak,200,headless,5,2,251.43
cosivina,fft,multi-peak,200,headless,5,3,248.84
cosivina,fft,multi-peak,200,headless,5,4,249.83
cosivina,fft,multi-peak,200,headless,5,5,254.38
cosivina,fft,multi-peak,200,headless,5,6,256.69
cosivina,fft,multi-peak,200,headless,5,7,258.46
cosivina,fft,multi-peak,200,headless,5,8,259.10
cosivina,fft,multi-peak,200,headless,5,9,255.99
cosivina,fft,multi-peak,200,headless,5,10,260.54
cosivina,fft,multi-peak,200,headless,10,1,121.76
cosivina,fft,multi-peak,200,headless,10,2,123.09
cosivina,fft,multi-peak,200,headless,10,3,119.45
cosivina,fft,multi-peak,200,headless,10,4,122.85
cosivina,fft,multi-peak,200,headless,10,5,122.87
cosivina,fft,multi-peak,200,headless,10,6,118.11
cosivina,fft,multi-peak,200,headless,10,7,121.56
cosivina,fft,multi-peak,200,headless,10,8,122.45
cosivina,fft,multi-peak,200,headless,10,9,121.59
cosivina,fft,multi-peak,200,headless,10,10,123.89
cosivina,fft,multi-peak,200,headless,50,1,22.27
cosivina,fft,multi-peak,200,headless,50,2,22.44
cosivina,fft,multi-peak,200,headless,50,3,22.49
cosivina,fft,multi-peak,200,headless,50,4,22.78
cosivina,fft,multi-peak,200,headless,50,5,22.48
cosivina,fft,multi-peak,200,headless,50,6,22.57
cosivina,fft,multi-peak,200,headless,50,7,22.40
cosivina,fft,multi-peak,200,headless,50,8,22.65
cosivina,fft,multi-peak,200,headless,50,9,22.82
cosivina,fft,multi-peak,200,headless,50,10,22.50
cosivina,fft,multi-peak,200,headless,100,1,11.17
cosivina,fft,multi-peak,200,headless,100,2,11.27
cosivina,fft,multi-peak,200,headless,100,3,11.22
cosivina,fft,multi-peak,200,headless,100,4,11.14
cosivina,fft,multi-peak,200,headless,100,5,11.27
cosivina,fft,multi-peak,200,headless,100,6,11.17
cosivina,fft,multi-peak,200,headless,100,7,10.95
cosivina,fft,multi-peak,200,headless,100,8,11.08
cosivina,fft,multi-peak,200,headless,100,9,11.11
cosivina,fft,multi-peak,200,headless,100,10,11.17
cosivina,fft,multi-peak,500,headless,5,1,20.21
cosivina,fft,multi-peak,500,headless,5,2,20.24
cosivina,fft,multi-peak,500,headless,5,3,20.40
cosivina,fft,multi-peak,500,headless,5,4,19.44
cosivina,fft,multi-peak,500,headless,5,5,19.34
cosivina,fft,multi-peak,500,headless,5,6,19.53
cosivina,fft,multi-peak,500,headless,5,7,20.23
cosivina,fft,multi-peak,500,headless,5,8,20.50
cosivina,fft,multi-peak,500,headless,5,9,20.49
cosivina,fft,multi-peak,500,headless,5,10,20.46
cosivina,fft,multi-peak,500,headless,10,1,10.14
cosivina,fft,multi-peak,500,headless,10,2,10.22
cosivina,fft,multi-peak,500,headless,10,3,10.04
cosivina,fft,multi-peak,500,headless,10,4,9.92
cosivina,fft,multi-peak,500,headless,10,5,10.03
cosivina,fft,multi-peak,500,headless,10,6,10.15
cosivina,fft,multi-peak,500,headless,10,7,10.21
cosivina,fft,multi-peak,500,headless,10,8,10.13
cosivina,fft,multi-peak,500,headless,10,9,10.11
cosivina,fft,multi-peak,500,headless,10,10,10.07
cosivina,fft,multi-peak,500,headless,50,1,1.99
cosivina,fft,multi-peak,500,headless,50,2,1.99
cosivina,fft,multi-peak,500,headless,50,3,2.00
cosivina,fft,multi-peak,500,headless,50,4,1.99
cosivina,fft,multi-peak,500,headless,50,5,1.97
cosivina,fft,multi-peak,500,headless,50,6,1.96
cosivina,fft,multi-peak,500,headless,50,7,1.99
cosivina,fft,multi-peak,500,headless,50,8,2.00
cosivina,fft,multi-peak,500,headless,50,9,1.98
cosivina,fft,multi-peak,500,headless,50,10,1.98
cosivina,fft,multi-peak,500,headless,100,1,1.00
cosivina,fft,multi-peak,500,headless,100,2,1.00
cosivina,fft,multi-peak,500,headless,100,3,0.99
cosivina,fft,multi-peak,500,headless,100,4,1.00
cosivina,fft,multi-peak,500,headless,100,5,0.99
cosivina,fft,multi-peak,500,headless,100,6,0.99
cosivina,fft,multi-peak,500,headless,100,7,0.98
cosivina,fft,multi-peak,500,headless,100,8,0.99
cosivina,fft,multi-peak,500,headless,100,9,0.99
cosivina,fft,multi-peak,500,headless,100,10,0.99
