cosivina-python,numba,detection,100,headless,5,1,398.13
cosivina-python,numba,detection,100,headless,5,2,400.96
cosivina-python,numba,detection,100,headless,5,3,398.43
cosivina-python,numba,detection,100,headless,5,4,398.40
cosivina-python,numba,detection,100,headless,5,5,399.24
cosivina-python,numba,detection,100,headless,10,1,200.46
cosivina-python,numba,detection,100,headless,10,2,199.87
cosivina-python,numba,detection,100,headless,10,3,200.51
cosivina-python,numba,detection,100,headless,10,4,200.00
cosivina-python,numba,detection,100,headless,10,5,200.03
cosivina-python,numba,detection,100,headless,50,1,39.88
cosivina-python,numba,detection,100,headless,50,2,39.57
cosivina-python,numba,detection,100,headless,50,3,39.44
cosivina-python,numba,detection,100,headless,50,4,39.55
cosivina-python,numba,detection,100,headless,50,5,39.99
cosivina-python,numba,detection,100,headless,100,1,19.81
cosivina-python,numba,detection,100,headless,100,2,19.70
cosivina-python,numba,detection,100,headless,100,3,19.20
cosivina-python,numba,detection,100,headless,100,4,19.32
cosivina-python,numba,detection,100,headless,100,5,19.32
cosivina-python,nonumba,detection,100,headless,5,1,101.53
cosivina-python,nonumba,detection,100,headless,5,2,100.87
cosivina-python,nonumba,detection,100,headless,5,3,101.41
cosivina-python,nonumba,detection,100,headless,5,4,101.20
cosivina-python,nonumba,detection,100,headless,5,5,100.72
cosivina-python,nonumba,detection,100,headless,10,1,49.64
cosivina-python,nonumba,detection,100,headless,10,2,50.04
cosivina-python,nonumba,detection,100,headless,10,3,49.93
cosivina-python,nonumba,detection,100,headless,10,4,50.12
cosivina-python,nonumba,detection,100,headless,10,5,50.09
cosivina-python,nonumba,detection,100,headless,50,1,10.00
cosivina-python,nonumba,detection,100,headless,50,2,9.90
cosivina-python,nonumba,detection,100,headless,50,3,10.05
cosivina-python,nonumba,detection,100,headless,50,4,9.99
cosivina-python,nonumba,detection,100,headless,50,5,9.89
cosivina-python,nonumba,detection,100,headless,100,1,4.96
cosivina-python,nonumba,detection,100,headless,100,2,4.96
cosivina-python,nonumba,detection,100,headless,100,3,4.97
cosivina-python,nonumba,detection,100,headless,100,4,5.04
cosivina-python,nonumba,detection,100,headless,100,5,4.94
cosivina-python,fft,detection,100,headless,5,1,543.19
cosivina-python,fft,detection,100,headless,5,2,535.14
cosivina-python,fft,detection,100,headless,5,3,528.17
cosivina-python,fft,detection,100,headless,5,4,531.02
cosivina-python,fft,detection,100,headless,5,5,530.15
cosivina-python,fft,detection,100,headless,10,1,266.73
cosivina-python,fft,detection,100,headless,10,2,263.67
cosivina-python,fft,detection,100,headless,10,3,263.43
cosivina-python,fft,detection,100,headless,10,4,262.24
cosivina-python,fft,detection,100,headless,10,5,264.21
cosivina-python,fft,detection,100,headless,50,1,50.21
cosivina-python,fft,detection,100,headless,50,2,50.60
cosivina-python,fft,detection,100,headless,50,3,50.57
cosivina-python,fft,detection,100,headless,50,4,50.59
cosivina-python,fft,detection,100,headless,50,5,50.54
cosivina-python,fft,detection,100,headless,100,1,24.75
cosivina-python,fft,detection,100,headless,100,2,24.92
cosivina-python,fft,detection,100,headless,100,3,25.11
cosivina-python,fft,detection,100,headless,100,4,24.93
cosivina-python,fft,detection,100,headless,100,5,25.33
cosivina-python,numba,selection,100,headless,5,1,396.13
cosivina-python,numba,selection,100,headless,5,2,393.96
cosivina-python,numba,selection,100,headless,5,3,389.76
cosivina-python,numba,selection,100,headless,5,4,387.61
cosivina-python,numba,selection,100,headless,5,5,384.15
cosivina-python,numba,selection,100,headless,10,1,196.11
cosivina-python,numba,selection,100,headless,10,2,197.52
cosivina-python,numba,selection,100,headless,10,3,195.72
cosivina-python,numba,selection,100,headless,10,4,195.88
cosivina-python,numba,selection,100,headless,10,5,194.82
cosivina-python,numba,selection,100,headless,50,1,38.34
cosivina-python,numba,selection,100,headless,50,2,37.89
cosivina-python,numba,selection,100,headless,50,3,37.97
cosivina-python,numba,selection,100,headless,50,4,37.89
cosivina-python,numba,selection,100,headless,50,5,37.91
cosivina-python,numba,selection,100,headless,100,1,18.81
cosivina-python,numba,selection,100,headless,100,2,19.02
cosivina-python,numba,selection,100,headless,100,3,18.86
cosivina-python,numba,selection,100,headless,100,4,18.80
cosivina-python,numba,selection,100,headless,100,5,18.91
cosivina-python,nonumba,selection,100,headless,5,1,65.36
cosivina-python,nonumba,selection,100,headless,5,2,65.66
cosivina-python,nonumba,selection,100,headless,5,3,65.31
cosivina-python,nonumba,selection,100,headless,5,4,65.51
cosivina-python,nonumba,selection,100,headless,5,5,65.29
cosivina-python,nonumba,selection,100,headless,10,1,32.56
cosivina-python,nonumba,selection,100,headless,10,2,33.21
cosivina-python,nonumba,selection,100,headless,10,3,32.97
cosivina-python,nonumba,selection,100,headless,10,4,32.69
cosivina-python,nonumba,selection,100,headless,10,5,32.64
cosivina-python,nonumba,selection,100,headless,50,1,6.53
cosivina-python,nonumba,selection,100,headless,50,2,6.55
cosivina-python,nonumba,selection,100,headless,50,3,6.61
cosivina-python,nonumba,selection,100,headless,50,4,6.61
cosivina-python,nonumba,selection,100,headless,50,5,6.63
cosivina-python,nonumba,selection,100,headless,100,1,3.30
cosivina-python,nonumba,selection,100,headless,100,2,3.29
cosivina-python,nonumba,selection,100,headless,100,3,3.34
cosivina-python,nonumba,selection,100,headless,100,4,3.33
cosivina-python,nonumba,selection,100,headless,100,5,3.41
cosivina-python,fft,selection,100,headless,5,1,564.73
cosivina-python,fft,selection,100,headless,5,2,565.97
cosivina-python,fft,selection,100,headless,5,3,566.61
cosivina-python,fft,selection,100,headless,5,4,564.78
cosivina-python,fft,selection,100,headless,5,5,563.61
cosivina-python,fft,selection,100,headless,10,1,282.94
cosivina-python,fft,selection,100,headless,10,2,282.25
cosivina-python,fft,selection,100,headless,10,3,282.38
cosivina-python,fft,selection,100,headless,10,4,281.48
cosivina-python,fft,selection,100,headless,10,5,282.69
cosivina-python,fft,selection,100,headless,50,1,53.71
cosivina-python,fft,selection,100,headless,50,2,53.78
cosivina-python,fft,selection,100,headless,50,3,53.52
cosivina-python,fft,selection,100,headless,50,4,53.76
cosivina-python,fft,selection,100,headless,50,5,53.56
cosivina-python,fft,selection,100,headless,100,1,26.10
cosivina-python,fft,selection,100,headless,100,2,26.11
cosivina-python,fft,selection,100,headless,100,3,26.06
cosivina-python,fft,selection,100,headless,100,4,26.01
cosivina-python,fft,selection,100,headless,100,5,25.98
cosivina-python,numba,memory,100,headless,5,1,213.06
cosivina-python,numba,memory,100,headless,5,2,207.41
cosivina-python,numba,memory,100,headless,5,3,207.31
cosivina-python,numba,memory,100,headless,5,4,212.89
cosivina-python,numba,memory,100,headless,5,5,212.50
cosivina-python,numba,memory,100,headless,10,1,104.70
cosivina-python,numba,memory,100,headless,10,2,103.85
cosivina-python,numba,memory,100,headless,10,3,102.62
cosivina-python,numba,memory,100,headless,10,4,103.76
cosivina-python,numba,memory,100,headless,10,5,103.43
cosivina-python,numba,memory,100,headless,50,1,20.36
cosivina-python,numba,memory,100,headless,50,2,20.39
cosivina-python,numba,memory,100,headless,50,3,20.57
cosivina-python,numba,memory,100,headless,50,4,20.68
cosivina-python,numba,memory,100,headless,50,5,20.29
cosivina-python,numba,memory,100,headless,100,1,10.17
cosivina-python,numba,memory,100,headless,100,2,10.24
cosivina-python,numba,memory,100,headless,100,3,10.13
cosivina-python,numba,memory,100,headless,100,4,10.21
cosivina-python,numba,memory,100,headless,100,5,10.17
cosivina-python,nonumba,memory,100,headless,5,1,56.07
cosivina-python,nonumba,memory,100,headless,5,2,57.68
cosivina-python,nonumba,memory,100,headless,5,3,57.29
cosivina-python,nonumba,memory,100,headless,5,4,57.89
cosivina-python,nonumba,memory,100,headless,5,5,57.42
cosivina-python,nonumba,memory,100,headless,10,1,28.46
cosivina-python,nonumba,memory,100,headless,10,2,28.68
cosivina-python,nonumba,memory,100,headless,10,3,28.67
cosivina-python,nonumba,memory,100,headless,10,4,28.42
cosivina-python,nonumba,memory,100,headless,10,5,28.48
cosivina-python,nonumba,memory,100,headless,50,1,5.69
cosivina-python,nonumba,memory,100,headless,50,2,5.70
cosivina-python,nonumba,memory,100,headless,50,3,5.68
cosivina-python,nonumba,memory,100,headless,50,4,5.72
cosivina-python,nonumba,memory,100,headless,50,5,5.69
cosivina-python,nonumba,memory,100,headless,100,1,2.83
cosivina-python,nonumba,memory,100,headless,100,2,2.83
cosivina-python,nonumba,memory,100,headless,100,3,2.87
cosivina-python,nonumba,memory,100,headless,100,4,2.87
cosivina-python,nonumba,memory,100,headless,100,5,2.87
cosivina-python,fft,memory,100,headless,5,1,559.47
cosivina-python,fft,memory,100,headless,5,2,563.19
cosivina-python,fft,memory,100,headless,5,3,558.68
cosivina-python,fft,memory,100,headless,5,4,560.70
cosivina-python,fft,memory,100,headless,5,5,560.63
cosivina-python,fft,memory,100,headless,10,1,279.52
cosivina-python,fft,memory,100,headless,10,2,279.69
cosivina-python,fft,memory,100,headless,10,3,280.05
cosivina-python,fft,memory,100,headless,10,4,278.66
cosivina-python,fft,memory,100,headless,10,5,281.03
cosivina-python,fft,memory,100,headless,50,1,53.96
cosivina-python,fft,memory,100,headless,50,2,53.99
cosivina-python,fft,memory,100,headless,50,3,53.67
cosivina-python,fft,memory,100,headless,50,4,53.78
cosivina-python,fft,memory,100,headless,50,5,53.99
cosivina-python,fft,memory,100,headless,100,1,26.20
cosivina-python,fft,memory,100,headless,100,2,26.01
cosivina-python,fft,memory,100,headless,100,3,26.06
cosivina-python,fft,memory,100,headless,100,4,26.09
cosivina-python,fft,memory,100,headless,100,5,26.06
cosivina-python,numba,multi-peak,100,headless,5,1,424.34
cosivina-python,numba,multi-peak,100,headless,5,2,426.15
cosivina-python,numba,multi-peak,100,headless,5,3,424.06
cosivina-python,numba,multi-peak,100,headless,5,4,423.99
cosivina-python,numba,multi-peak,100,headless,5,5,424.79
cosivina-python,numba,multi-peak,100,headless,10,1,212.33
cosivina-python,numba,multi-peak,100,headless,10,2,211.98
cosivina-python,numba,multi-peak,100,headless,10,3,211.76
cosivina-python,numba,multi-peak,100,headless,10,4,212.38
cosivina-python,numba,multi-peak,100,headless,10,5,212.64
cosivina-python,numba,multi-peak,100,headless,50,1,41.28
cosivina-python,numba,multi-peak,100,headless,50,2,41.16
cosivina-python,numba,multi-peak,100,headless,50,3,41.21
cosivina-python,numba,multi-peak,100,headless,50,4,41.32
cosivina-python,numba,multi-peak,100,headless,50,5,41.30
cosivina-python,numba,multi-peak,100,headless,100,1,20.41
cosivina-python,numba,multi-peak,100,headless,100,2,20.39
cosivina-python,numba,multi-peak,100,headless,100,3,20.40
cosivina-python,numba,multi-peak,100,headless,100,4,20.37
cosivina-python,numba,multi-peak,100,headless,100,5,20.41
cosivina-python,nonumba,multi-peak,100,headless,5,1,107.08
cosivina-python,nonumba,multi-peak,100,headless,5,2,107.00
cosivina-python,nonumba,multi-peak,100,headless,5,3,106.89
cosivina-python,nonumba,multi-peak,100,headless,5,4,107.40
cosivina-python,nonumba,multi-peak,100,headless,5,5,107.57
cosivina-python,nonumba,multi-peak,100,headless,10,1,53.80
cosivina-python,nonumba,multi-peak,100,headless,10,2,54.11
cosivina-python,nonumba,multi-peak,100,headless,10,3,53.78
cosivina-python,nonumba,multi-peak,100,headless,10,4,54.14
cosivina-python,nonumba,multi-peak,100,headless,10,5,54.09
cosivina-python,nonumba,multi-peak,100,headless,50,1,10.72
cosivina-python,nonumba,multi-peak,100,headless,50,2,10.73
cosivina-python,nonumba,multi-peak,100,headless,50,3,10.71
cosivina-python,nonumba,multi-peak,100,headless,50,4,10.74
cosivina-python,nonumba,multi-peak,100,headless,50,5,10.76
cosivina-python,nonumba,multi-peak,100,headless,100,1,5.36
cosivina-python,nonumba,multi-peak,100,headless,100,2,5.35
cosivina-python,nonumba,multi-peak,100,headless,100,3,5.37
cosivina-python,nonumba,multi-peak,100,headless,100,4,5.37
cosivina-python,nonumba,multi-peak,100,headless,100,5,5.36
cosivina-python,fft,multi-peak,100,headless,5,1,568.29
cosivina-python,fft,multi-peak,100,headless,5,2,568.45
cosivina-python,fft,multi-peak,100,headless,5,3,567.65
cosivina-python,fft,multi-peak,100,headless,5,4,564.41
cosivina-python,fft,multi-peak,100,headless,5,5,570.01
cosivina-python,fft,multi-peak,100,headless,10,1,282.63
cosivina-python,fft,multi-peak,100,headless,10,2,282.28
cosivina-python,fft,multi-peak,100,headless,10,3,282.11
cosivina-python,fft,multi-peak,100,headless,10,4,283.21
cosivina-python,fft,multi-peak,100,headless,10,5,281.95
cosivina-python,fft,multi-peak,100,headless,50,1,53.84
cosivina-python,fft,multi-peak,100,headless,50,2,53.92
cosivina-python,fft,multi-peak,100,headless,50,3,53.76
cosivina-python,fft,multi-peak,100,headless,50,4,53.92
cosivina-python,fft,multi-peak,100,headless,50,5,53.76
cosivina-python,fft,multi-peak,100,headless,100,1,26.25
cosivina-python,fft,multi-peak,100,headless,100,2,26.18
cosivina-python,fft,multi-peak,100,headless,100,3,26.21
cosivina-python,fft,multi-peak,100,headless,100,4,26.12
cosivina-python,fft,multi-peak,100,headless,100,5,26.14
cosivina-python,numba,detection,200,headless,5,1,110.18
cosivina-python,numba,detection,200,headless,5,2,109.45
cosivina-python,numba,detection,200,headless,5,3,109.61
cosivina-python,numba,detection,200,headless,5,4,109.99
cosivina-python,numba,detection,200,headless,5,5,109.84
cosivina-python,numba,detection,200,headless,10,1,54.57
cosivina-python,numba,detection,200,headless,10,2,54.64
cosivina-python,numba,detection,200,headless,10,3,54.48
cosivina-python,numba,detection,200,headless,10,4,54.47
cosivina-python,numba,detection,200,headless,10,5,54.69
cosivina-python,numba,detection,200,headless,50,1,10.64
cosivina-python,numba,detection,200,headless,50,2,10.64
cosivina-python,numba,detection,200,headless,50,3,10.62
cosivina-python,numba,detection,200,headless,50,4,10.62
cosivina-python,numba,detection,200,headless,50,5,10.62
cosivina-python,numba,detection,200,headless,100,1,5.30
cosivina-python,numba,detection,200,headless,100,2,5.30
cosivina-python,numba,detection,200,headless,100,3,5.30
cosivina-python,numba,detection,200,headless,100,4,5.29
cosivina-python,numba,detection,200,headless,100,5,5.30
cosivina-python,nonumba,detection,200,headless,5,1,41.66
cosivina-python,nonumba,detection,200,headless,5,2,41.93
cosivina-python,nonumba,detection,200,headless,5,3,42.02
cosivina-python,nonumba,detection,200,headless,5,4,42.05
cosivina-python,nonumba,detection,200,headless,5,5,42.01
cosivina-python,nonumba,detection,200,headless,10,1,20.81
cosivina-python,nonumba,detection,200,headless,10,2,20.83
cosivina-python,nonumba,detection,200,headless,10,3,20.83
cosivina-python,nonumba,detection,200,headless,10,4,20.80
cosivina-python,nonumba,detection,200,headless,10,5,20.87
cosivina-python,nonumba,detection,200,headless,50,1,4.11
cosivina-python,nonumba,detection,200,headless,50,2,4.09
cosivina-python,nonumba,detection,200,headless,50,3,4.11
cosivina-python,nonumba,detection,200,headless,50,4,4.10
cosivina-python,nonumba,detection,200,headless,50,5,4.11
cosivina-python,nonumba,detection,200,headless,100,1,2.05
cosivina-python,nonumba,detection,200,headless,100,2,2.05
cosivina-python,nonumba,detection,200,headless,100,3,2.05
cosivina-python,nonumba,detection,200,headless,100,4,2.06
cosivina-python,nonumba,detection,200,headless,100,5,2.05
cosivina-python,fft,detection,200,headless,5,1,144.97
cosivina-python,fft,detection,200,headless,5,2,144.11
cosivina-python,fft,detection,200,headless,5,3,144.28
cosivina-python,fft,detection,200,headless,5,4,144.94
cosivina-python,fft,detection,200,headless,5,5,144.85
cosivina-python,fft,detection,200,headless,10,1,70.99
cosivina-python,fft,detection,200,headless,10,2,71.30
cosivina-python,fft,detection,200,headless,10,3,70.91
cosivina-python,fft,detection,200,headless,10,4,71.19
cosivina-python,fft,detection,200,headless,10,5,70.76
cosivina-python,fft,detection,200,headless,50,1,13.36
cosivina-python,fft,detection,200,headless,50,2,13.35
cosivina-python,fft,detection,200,headless,50,3,13.37
cosivina-python,fft,detection,200,headless,50,4,13.35
cosivina-python,fft,detection,200,headless,50,5,13.35
cosivina-python,fft,detection,200,headless,100,1,6.68
cosivina-python,fft,detection,200,headless,100,2,6.67
cosivina-python,fft,detection,200,headless,100,3,6.66
cosivina-python,fft,detection,200,headless,100,4,6.67
cosivina-python,fft,detection,200,headless,100,5,6.67
cosivina-python,numba,selection,200,headless,5,1,103.01
cosivina-python,numba,selection,200,headless,5,2,103.14
cosivina-python,numba,selection,200,headless,5,3,103.14
cosivina-python,numba,selection,200,headless,5,4,103.16
cosivina-python,numba,selection,200,headless,5,5,103.20
cosivina-python,numba,selection,200,headless,10,1,50.53
cosivina-python,numba,selection,200,headless,10,2,50.60
cosivina-python,numba,selection,200,headless,10,3,50.66
cosivina-python,numba,selection,200,headless,10,4,50.58
cosivina-python,numba,selection,200,headless,10,5,50.63
cosivina-python,numba,selection,200,headless,50,1,9.92
cosivina-python,numba,selection,200,headless,50,2,9.89
cosivina-python,numba,selection,200,headless,50,3,9.90
cosivina-python,numba,selection,200,headless,50,4,9.90
cosivina-python,numba,selection,200,headless,50,5,9.89
cosivina-python,numba,selection,200,headless,100,1,4.94
cosivina-python,numba,selection,200,headless,100,2,4.95
cosivina-python,numba,selection,200,headless,100,3,4.95
cosivina-python,numba,selection,200,headless,100,4,4.94
cosivina-python,numba,selection,200,headless,100,5,4.95
cosivina-python,nonumba,selection,200,headless,5,1,28.82
cosivina-python,nonumba,selection,200,headless,5,2,28.88
cosivina-python,nonumba,selection,200,headless,5,3,28.93
cosivina-python,nonumba,selection,200,headless,5,4,28.89
cosivina-python,nonumba,selection,200,headless,5,5,28.95
cosivina-python,nonumba,selection,200,headless,10,1,14.39
cosivina-python,nonumba,selection,200,headless,10,2,14.33
cosivina-python,nonumba,selection,200,headless,10,3,14.40
cosivina-python,nonumba,selection,200,headless,10,4,14.33
cosivina-python,nonumba,selection,200,headless,10,5,14.41
cosivina-python,nonumba,selection,200,headless,50,1,2.86
cosivina-python,nonumba,selection,200,headless,50,2,2.87
cosivina-python,nonumba,selection,200,headless,50,3,2.87
cosivina-python,nonumba,selection,200,headless,50,4,2.88
cosivina-python,nonumba,selection,200,headless,50,5,2.88
cosivina-python,nonumba,selection,200,headless,100,1,1.44
cosivina-python,nonumba,selection,200,headless,100,2,1.45
cosivina-python,nonumba,selection,200,headless,100,3,1.44
cosivina-python,nonumba,selection,200,headless,100,4,1.45
cosivina-python,nonumba,selection,200,headless,100,5,1.44
cosivina-python,fft,selection,200,headless,5,1,149.44
cosivina-python,fft,selection,200,headless,5,2,148.32
cosivina-python,fft,selection,200,headless,5,3,148.52
cosivina-python,fft,selection,200,headless,5,4,148.63
cosivina-python,fft,selection,200,headless,5,5,149.39
cosivina-python,fft,selection,200,headless,10,1,71.71
cosivina-python,fft,selection,200,headless,10,2,72.37
cosivina-python,fft,selection,200,headless,10,3,72.64
cosivina-python,fft,selection,200,headless,10,4,72.34
cosivina-python,fft,selection,200,headless,10,5,73.01
cosivina-python,fft,selection,200,headless,50,1,13.56
cosivina-python,fft,selection,200,headless,50,2,13.63
cosivina-python,fft,selection,200,headless,50,3,13.59
cosivina-python,fft,selection,200,headless,50,4,13.63
cosivina-python,fft,selection,200,headless,50,5,13.60
cosivina-python,fft,selection,200,headless,100,1,6.82
cosivina-python,fft,selection,200,headless,100,2,6.81
cosivina-python,fft,selection,200,headless,100,3,6.80
cosivina-python,fft,selection,200,headless,100,4,6.80
cosivina-python,fft,selection,200,headless,100,5,6.79
cosivina-python,numba,memory,200,headless,5,1,52.48
cosivina-python,numba,memory,200,headless,5,2,52.61
cosivina-python,numba,memory,200,headless,5,3,52.24
cosivina-python,numba,memory,200,headless,5,4,53.07
cosivina-python,numba,memory,200,headless,5,5,52.93
cosivina-python,numba,memory,200,headless,10,1,26.31
cosivina-python,numba,memory,200,headless,10,2,26.35
cosivina-python,numba,memory,200,headless,10,3,26.09
cosivina-python,numba,memory,200,headless,10,4,26.16
cosivina-python,numba,memory,200,headless,10,5,26.31
cosivina-python,numba,memory,200,headless,50,1,5.20
cosivina-python,numba,memory,200,headless,50,2,5.19
cosivina-python,numba,memory,200,headless,50,3,5.19
cosivina-python,numba,memory,200,headless,50,4,5.19
cosivina-python,numba,memory,200,headless,50,5,5.20
cosivina-python,numba,memory,200,headless,100,1,2.60
cosivina-python,numba,memory,200,headless,100,2,2.59
cosivina-python,numba,memory,200,headless,100,3,2.59
cosivina-python,numba,memory,200,headless,100,4,2.60
cosivina-python,numba,memory,200,headless,100,5,2.60
cosivina-python,nonumba,memory,200,headless,5,1,23.76
cosivina-python,nonumba,memory,200,headless,5,2,23.88
cosivina-python,nonumba,memory,200,headless,5,3,23.83
cosivina-python,nonumba,memory,200,headless,5,4,23.69
cosivina-python,nonumba,memory,200,headless,5,5,23.98
cosivina-python,nonumba,memory,200,headless,10,1,11.77
cosivina-python,nonumba,memory,200,headless,10,2,11.73
cosivina-python,nonumba,memory,200,headless,10,3,11.70
cosivina-python,nonumba,memory,200,headless,10,4,11.71
cosivina-python,nonumba,memory,200,headless,10,5,11.79
cosivina-python,nonumba,memory,200,headless,50,1,2.36
cosivina-python,nonumba,memory,200,headless,50,2,2.36
cosivina-python,nonumba,memory,200,headless,50,3,2.36
cosivina-python,nonumba,memory,200,headless,50,4,2.36
cosivina-python,nonumba,memory,200,headless,50,5,2.35
cosivina-python,nonumba,memory,200,headless,100,1,1.18
cosivina-python,nonumba,memory,200,headless,100,2,1.19
cosivina-python,nonumba,memory,200,headless,100,3,1.18
cosivina-python,nonumba,memory,200,headless,100,4,1.18
cosivina-python,nonumba,memory,200,headless,100,5,1.19
cosivina-python,fft,memory,200,headless,5,1,148.50
cosivina-python,fft,memory,200,headless,5,2,149.45
cosivina-python,fft,memory,200,headless,5,3,148.13
cosivina-python,fft,memory,200,headless,5,4,149.60
cosivina-python,fft,memory,200,headless,5,5,148.40
cosivina-python,fft,memory,200,headless,10,1,73.04
cosivina-python,fft,memory,200,headless,10,2,73.55
cosivina-python,fft,memory,200,headless,10,3,73.07
cosivina-python,fft,memory,200,headless,10,4,73.33
cosivina-python,fft,memory,200,headless,10,5,72.75
cosivina-python,fft,memory,200,headless,50,1,13.76
cosivina-python,fft,memory,200,headless,50,2,13.67
cosivina-python,fft,memory,200,headless,50,3,13.78
cosivina-python,fft,memory,200,headless,50,4,13.71
cosivina-python,fft,memory,200,headless,50,5,13.76
cosivina-python,fft,memory,200,headless,100,1,6.87
cosivina-python,fft,memory,200,headless,100,2,6.81
cosivina-python,fft,memory,200,headless,100,3,6.86
cosivina-python,fft,memory,200,headless,100,4,6.85
cosivina-python,fft,memory,200,headless,100,5,6.87
cosivina-python,numba,multi-peak,200,headless,5,1,118.11
cosivina-python,numba,multi-peak,200,headless,5,2,117.77
cosivina-python,numba,multi-peak,200,headless,5,3,117.73
cosivina-python,numba,multi-peak,200,headless,5,4,118.00
cosivina-python,numba,multi-peak,200,headless,5,5,118.13
cosivina-python,numba,multi-peak,200,headless,10,1,58.21
cosivina-python,numba,multi-peak,200,headless,10,2,58.15
cosivina-python,numba,multi-peak,200,headless,10,3,57.81
cosivina-python,numba,multi-peak,200,headless,10,4,57.91
cosivina-python,numba,multi-peak,200,headless,10,5,58.15
cosivina-python,numba,multi-peak,200,headless,50,1,11.26
cosivina-python,numba,multi-peak,200,headless,50,2,11.27
cosivina-python,numba,multi-peak,200,headless,50,3,11.26
cosivina-python,numba,multi-peak,200,headless,50,4,11.25
cosivina-python,numba,multi-peak,200,headless,50,5,11.26
cosivina-python,numba,multi-peak,200,headless,100,1,5.62
cosivina-python,numba,multi-peak,200,headless,100,2,5.58
cosivina-python,numba,multi-peak,200,headless,100,3,5.52
cosivina-python,numba,multi-peak,200,headless,100,4,5.62
cosivina-python,numba,multi-peak,200,headless,100,5,5.63
cosivina-python,nonumba,multi-peak,200,headless,5,1,43.95
cosivina-python,nonumba,multi-peak,200,headless,5,2,44.20
cosivina-python,nonumba,multi-peak,200,headless,5,3,44.26
cosivina-python,nonumba,multi-peak,200,headless,5,4,44.19
cosivina-python,nonumba,multi-peak,200,headless,5,5,44.17
cosivina-python,nonumba,multi-peak,200,headless,10,1,21.70
cosivina-python,nonumba,multi-peak,200,headless,10,2,21.78
cosivina-python,nonumba,multi-peak,200,headless,10,3,21.75
cosivina-python,nonumba,multi-peak,200,headless,10,4,21.74
cosivina-python,nonumba,multi-peak,200,headless,10,5,21.82
cosivina-python,nonumba,multi-peak,200,headless,50,1,4.30
cosivina-python,nonumba,multi-peak,200,headless,50,2,4.32
cosivina-python,nonumba,multi-peak,200,headless,50,3,4.33
cosivina-python,nonumba,multi-peak,200,headless,50,4,4.33
cosivina-python,nonumba,multi-peak,200,headless,50,5,4.32
cosivina-python,nonumba,multi-peak,200,headless,100,1,2.15
cosivina-python,nonumba,multi-peak,200,headless,100,2,2.15
cosivina-python,nonumba,multi-peak,200,headless,100,3,2.15
cosivina-python,nonumba,multi-peak,200,headless,100,4,2.16
cosivina-python,nonumba,multi-peak,200,headless,100,5,2.15
cosivina-python,fft,multi-peak,200,headless,5,1,150.28
cosivina-python,fft,multi-peak,200,headless,5,2,150.00
cosivina-python,fft,multi-peak,200,headless,5,3,150.16
cosivina-python,fft,multi-peak,200,headless,5,4,150.53
cosivina-python,fft,multi-peak,200,headless,5,5,150.51
cosivina-python,fft,multi-peak,200,headless,10,1,72.53
cosivina-python,fft,multi-peak,200,headless,10,2,73.27
cosivina-python,fft,multi-peak,200,headless,10,3,73.06
cosivina-python,fft,multi-peak,200,headless,10,4,73.31
cosivina-python,fft,multi-peak,200,headless,10,5,73.05
cosivina-python,fft,multi-peak,200,headless,50,1,13.70
cosivina-python,fft,multi-peak,200,headless,50,2,13.69
cosivina-python,fft,multi-peak,200,headless,50,3,13.71
cosivina-python,fft,multi-peak,200,headless,50,4,13.71
cosivina-python,fft,multi-peak,200,headless,50,5,13.68
cosivina-python,fft,multi-peak,200,headless,100,1,6.86
cosivina-python,fft,multi-peak,200,headless,100,2,6.86
cosivina-python,fft,multi-peak,200,headless,100,3,6.87
cosivina-python,fft,multi-peak,200,headless,100,4,6.86
cosivina-python,fft,multi-peak,200,headless,100,5,6.86
