cosivina-python,detection,headless,10,1,6344.55
cosivina-python,detection,headless,10,2,6296.46
cosivina-python,detection,headless,10,3,6286.41
cosivina-python,detection,headless,10,4,6337.80
cosivina-python,detection,headless,10,5,6338.40
cosivina-python,detection,headless,10,6,6338.41
cosivina-python,detection,headless,10,7,6312.79
cosivina-python,detection,headless,10,8,6283.83
cosivina-python,detection,headless,10,9,6281.34
cosivina-python,detection,headless,10,10,6341.23
cosivina-python,selection,headless,10,1,6251.72
cosivina-python,selection,headless,10,2,6265.80
cosivina-python,selection,headless,10,3,6262.72
cosivina-python,selection,headless,10,4,6152.56
cosivina-python,selection,headless,10,5,6193.54
cosivina-python,selection,headless,10,6,6217.97
cosivina-python,selection,headless,10,7,6230.09
cosivina-python,selection,headless,10,8,6241.02
cosivina-python,selection,headless,10,9,6264.73
cosivina-python,selection,headless,10,10,6226.04
cosivina-python,memory,headless,10,1,6062.04
cosivina-python,memory,headless,10,2,6053.21
cosivina-python,memory,headless,10,3,6054.34
cosivina-python,memory,headless,10,4,6048.92
cosivina-python,memory,headless,10,5,6091.01
cosivina-python,memory,headless,10,6,6101.48
cosivina-python,memory,headless,10,7,6074.96
cosivina-python,memory,headless,10,8,6097.22
cosivina-python,memory,headless,10,9,6106.85
cosivina-python,memory,headless,10,10,6114.73
cosivina-python,insufficient,headless,10,1,5964.83
cosivina-python,insufficient,headless,10,2,6003.08
cosivina-python,insufficient,headless,10,3,5929.67
cosivina-python,insufficient,headless,10,4,5929.75
cosivina-python,insufficient,headless,10,5,5926.48
cosivina-python,insufficient,headless,10,6,5969.56
cosivina-python,insufficient,headless,10,7,6016.45
cosivina-python,insufficient,headless,10,8,6012.19
cosivina-python,insufficient,headless,10,9,6048.62
cosivina-python,insufficient,headless,10,10,5951.17
cosivina-python,multi-peak,headless,10,1,6647.96
cosivina-python,multi-peak,headless,10,2,6713.74
cosivina-python,multi-peak,headless,10,3,6708.41
cosivina-python,multi-peak,headless,10,4,6702.21
cosivina-python,multi-peak,headless,10,5,6712.74
cosivina-python,multi-peak,headless,10,6,6709.58
cosivina-python,multi-peak,headless,10,7,6671.84
cosivina-python,multi-peak,headless,10,8,6717.27
cosivina-python,multi-peak,headless,10,9,6718.72
cosivina-python,multi-peak,headless,10,10,6744.95
