dnfc,default,detection,headless,10,1,67168.19
dnfc,default,detection,headless,10,2,66944.44
dnfc,default,detection,headless,10,3,67280.35
dnfc,default,detection,headless,10,4,66471.59
dnfc,default,detection,headless,10,5,66978.61
dnfc,default,detection,headless,10,6,67031.41
dnfc,default,detection,headless,10,7,66576.48
dnfc,default,detection,headless,10,8,66735.89
dnfc,default,detection,headless,10,9,66548.12
dnfc,default,detection,headless,10,10,64986.89
dnfc,default,selection,headless,10,1,63325.69
dnfc,default,selection,headless,10,2,60868.13
dnfc,default,selection,headless,10,3,58265.62
dnfc,default,selection,headless,10,4,60599.38
dnfc,default,selection,headless,10,5,62703.24
dnfc,default,selection,headless,10,6,63013.16
dnfc,default,selection,headless,10,7,63515.21
dnfc,default,selection,headless,10,8,62822.12
dnfc,default,selection,headless,10,9,63054.96
dnfc,default,selection,headless,10,10,63625.62
dnfc,default,memory,headless,10,1,45101.60
dnfc,default,memory,headless,10,2,45751.72
dnfc,default,memory,headless,10,3,44527.60
dnfc,default,memory,headless,10,4,45124.77
dnfc,default,memory,headless,10,5,45353.04
dnfc,default,memory,headless,10,6,45500.29
dnfc,default,memory,headless,10,7,45463.56
dnfc,default,memory,headless,10,8,45389.02
dnfc,default,memory,headless,10,9,45530.37
dnfc,default,memory,headless,10,10,45758.26
dnfc,default,insufficient,headless,10,1,69127.13
dnfc,default,insufficient,headless,10,2,68007.13
dnfc,default,insufficient,headless,10,3,65846.40
dnfc,default,insufficient,headless,10,4,65057.41
dnfc,default,insufficient,headless,10,5,68376.82
dnfc,default,insufficient,headless,10,6,68498.41
dnfc,default,insufficient,headless,10,7,69091.02
dnfc,default,insufficient,headless,10,8,69216.22
dnfc,default,insufficient,headless,10,9,69022.45
dnfc,default,insufficient,headless,10,10,68931.10
dnfc,default,multi-peak,headless,10,1,66697.70
dnfc,default,multi-peak,headless,10,2,66194.30
dnfc,default,multi-peak,headless,10,3,66978.52
dnfc,default,multi-peak,headless,10,4,66473.10
dnfc,default,multi-peak,headless,10,5,67346.05
dnfc,default,multi-peak,headless,10,6,65770.26
dnfc,default,multi-peak,headless,10,7,65253.20
dnfc,default,multi-peak,headless,10,8,67090.23
dnfc,default,multi-peak,headless,10,9,67582.91
dnfc,default,multi-peak,headless,10,10,67228.97
