cosivina,default,detection,100,headless,5,1,5028.74
cosivina,default,detection,100,headless,5,2,4777.70
cosivina,default,detection,100,headless,5,3,5070.64
cosivina,default,detection,100,headless,5,4,5069.60
cosivina,default,detection,100,headless,5,5,5061.89
cosivina,default,detection,100,headless,5,6,5063.26
cosivina,default,detection,100,headless,5,7,4855.17
cosivina,default,detection,100,headless,5,8,5087.35
cosivina,default,detection,100,headless,5,9,4853.24
cosivina,default,detection,100,headless,5,10,5121.97
cosivina,default,detection,100,headless,10,1,2550.86
cosivina,default,detection,100,headless,10,2,2537.14
cosivina,default,detection,100,headless,10,3,2549.56
cosivina,default,detection,100,headless,10,4,2558.07
cosivina,default,detection,100,headless,10,5,2557.13
cosivina,default,detection,100,headless,10,6,2544.29
cosivina,default,detection,100,headless,10,7,2539.50
cosivina,default,detection,100,headless,10,8,2549.28
cosivina,default,detection,100,headless,10,9,2564.11
cosivina,default,detection,100,headless,10,10,2580.02
cosivina,default,detection,100,headless,50,1,511.87
cosivina,default,detection,100,headless,50,2,510.51
cosivina,default,detection,100,headless,50,3,508.49
cosivina,default,detection,100,headless,50,4,500.46
cosivina,default,detection,100,headless,50,5,495.65
cosivina,default,detection,100,headless,50,6,495.26
cosivina,default,detection,100,headless,50,7,471.27
cosivina,default,detection,100,headless,50,8,503.46
cosivina,default,detection,100,headless,50,9,507.74
cosivina,default,detection,100,headless,50,10,498.58
cosivina,default,detection,100,headless,100,1,245.26
cosivina,default,detection,100,headless,100,2,250.66
cosivina,default,detection,100,headless,100,3,252.12
cosivina,default,detection,100,headless,100,4,253.84
cosivina,default,detection,100,headless,100,5,254.53
cosivina,default,detection,100,headless,100,6,250.80
cosivina,default,detection,100,headless,100,7,248.36
cosivina,default,detection,100,headless,100,8,251.10
cosivina,default,detection,100,headless,100,9,250.91
cosivina,default,detection,100,headless,100,10,253.14
cosivina,default,detection,500,headless,5,1,3367.17
cosivina,default,detection,500,headless,5,2,3407.97
cosivina,default,detection,500,headless,5,3,3409.51
cosivina,default,detection,500,headless,5,4,3450.33
cosivina,default,detection,500,headless,5,5,3453.83
cosivina,default,detection,500,headless,5,6,3454.27
cosivina,default,detection,500,headless,5,7,3453.46
cosivina,default,detection,500,headless,5,8,3445.02
cosivina,default,detection,500,headless,5,9,3451.12
cosivina,default,detection,500,headless,5,10,3447.60
cosivina,default,detection,500,headless,10,1,1713.21
cosivina,default,detection,500,headless,10,2,1707.94
cosivina,default,detection,500,headless,10,3,1697.85
cosivina,default,detection,500,headless,10,4,1720.05
cosivina,default,detection,500,headless,10,5,1713.69
cosivina,default,detection,500,headless,10,6,1684.32
cosivina,default,detection,500,headless,10,7,1684.73
cosivina,default,detection,500,headless,10,8,1693.82
cosivina,default,detection,500,headless,10,9,1707.83
cosivina,default,detection,500,headless,10,10,1715.76
cosivina,default,detection,500,headless,50,1,345.61
cosivina,default,detection,500,headless,50,2,344.53
cosivina,default,detection,500,headless,50,3,325.62
cosivina,default,detection,500,headless,50,4,339.68
cosivina,default,detection,500,headless,50,5,340.43
cosivina,default,detection,500,headless,50,6,341.22
cosivina,default,detection,500,headless,50,7,340.69
cosivina,default,detection,500,headless,50,8,342.42
cosivina,default,detection,500,headless,50,9,340.55
cosivina,default,detection,500,headless,50,10,339.75
cosivina,default,detection,500,headless,100,1,170.39
cosivina,default,detection,500,headless,100,2,170.03
cosivina,default,detection,500,headless,100,3,170.59
cosivina,default,detection,500,headless,100,4,170.21
cosivina,default,detection,500,headless,100,5,168.97
cosivina,default,detection,500,headless,100,6,171.31
cosivina,default,detection,500,headless,100,7,171.32
cosivina,default,detection,500,headless,100,8,171.58
cosivina,default,detection,500,headless,100,9,170.93
cosivina,default,detection,500,headless,100,10,170.83
cosivina,default,selection,100,headless,5,1,4297.19
cosivina,default,selection,100,headless,5,2,4298.05
cosivina,default,selection,100,headless,5,3,4295.64
cosivina,default,selection,100,headless,5,4,4306.11
cosivina,default,selection,100,headless,5,5,4260.43
cosivina,default,selection,100,headless,5,6,4312.41
cosivina,default,selection,100,headless,5,7,4311.88
cosivina,default,selection,100,headless,5,8,4292.66
cosivina,default,selection,100,headless,5,9,4300.56
cosivina,default,selection,100,headless,5,10,4322.45
cosivina,default,selection,100,headless,10,1,2147.49
cosivina,default,selection,100,headless,10,2,2169.80
cosivina,default,selection,100,headless,10,3,2165.25
cosivina,default,selection,100,headless,10,4,2159.67
cosivina,default,selection,100,headless,10,5,2154.66
cosivina,default,selection,100,headless,10,6,2164.76
cosivina,default,selection,100,headless,10,7,2162.40
cosivina,default,selection,100,headless,10,8,2151.81
cosivina,default,selection,100,headless,10,9,2157.61
cosivina,default,selection,100,headless,10,10,2167.92
cosivina,default,selection,100,headless,50,1,432.64
cosivina,default,selection,100,headless,50,2,433.90
cosivina,default,selection,100,headless,50,3,432.41
cosivina,default,selection,100,headless,50,4,432.93
cosivina,default,selection,100,headless,50,5,431.73
cosivina,default,selection,100,headless,50,6,432.05
cosivina,default,selection,100,headless,50,7,432.43
cosivina,default,selection,100,headless,50,8,432.85
cosivina,default,selection,100,headless,50,9,432.12
cosivina,default,selection,100,headless,50,10,431.75
cosivina,default,selection,100,headless,100,1,213.08
cosivina,default,selection,100,headless,100,2,211.34
cosivina,default,selection,100,headless,100,3,214.20
cosivina,default,selection,100,headless,100,4,213.68
cosivina,default,selection,100,headless,100,5,214.10
cosivina,default,selection,100,headless,100,6,213.78
cosivina,default,selection,100,headless,100,7,213.92
cosivina,default,selection,100,headless,100,8,213.49
cosivina,default,selection,100,headless,100,9,213.83
cosivina,default,selection,100,headless,100,10,213.75
cosivina,default,selection,500,headless,5,1,3057.76
cosivina,default,selection,500,headless,5,2,3038.06
cosivina,default,selection,500,headless,5,3,3041.98
cosivina,default,selection,500,headless,5,4,3033.69
cosivina,default,selection,500,headless,5,5,3036.67
cosivina,default,selection,500,headless,5,6,3049.56
cosivina,default,selection,500,headless,5,7,3043.34
cosivina,default,selection,500,headless,5,8,3046.81
cosivina,default,selection,500,headless,5,9,3057.05
cosivina,default,selection,500,headless,5,10,3041.63
cosivina,default,selection,500,headless,10,1,1520.41
cosivina,default,selection,500,headless,10,2,1507.53
cosivina,default,selection,500,headless,10,3,1509.06
cosivina,default,selection,500,headless,10,4,1514.62
cosivina,default,selection,500,headless,10,5,1519.53
cosivina,default,selection,500,headless,10,6,1526.69
cosivina,default,selection,500,headless,10,7,1522.34
cosivina,default,selection,500,headless,10,8,1525.45
cosivina,default,selection,500,headless,10,9,1527.87
cosivina,default,selection,500,headless,10,10,1522.01
cosivina,default,selection,500,headless,50,1,304.88
cosivina,default,selection,500,headless,50,2,304.91
cosivina,default,selection,500,headless,50,3,303.66
cosivina,default,selection,500,headless,50,4,303.98
cosivina,default,selection,500,headless,50,5,305.02
cosivina,default,selection,500,headless,50,6,304.06
cosivina,default,selection,500,headless,50,7,304.69
cosivina,default,selection,500,headless,50,8,304.09
cosivina,default,selection,500,headless,50,9,304.83
cosivina,default,selection,500,headless,50,10,305.43
cosivina,default,selection,500,headless,100,1,139.64
cosivina,default,selection,500,headless,100,2,147.80
cosivina,default,selection,500,headless,100,3,150.03
cosivina,default,selection,500,headless,100,4,149.65
cosivina,default,selection,500,headless,100,5,150.19
cosivina,default,selection,500,headless,100,6,148.51
cosivina,default,selection,500,headless,100,7,138.83
cosivina,default,selection,500,headless,100,8,149.45
cosivina,default,selection,500,headless,100,9,148.77
cosivina,default,selection,500,headless,100,10,148.98
cosivina,default,memory,100,headless,5,1,4603.26
cosivina,default,memory,100,headless,5,2,4543.61
cosivina,default,memory,100,headless,5,3,4578.14
cosivina,default,memory,100,headless,5,4,4571.47
cosivina,default,memory,100,headless,5,5,4583.59
cosivina,default,memory,100,headless,5,6,4585.34
cosivina,default,memory,100,headless,5,7,4588.49
cosivina,default,memory,100,headless,5,8,4544.15
cosivina,default,memory,100,headless,5,9,4575.82
cosivina,default,memory,100,headless,5,10,4594.28
cosivina,default,memory,100,headless,10,1,2295.80
cosivina,default,memory,100,headless,10,2,2276.50
cosivina,default,memory,100,headless,10,3,2289.20
cosivina,default,memory,100,headless,10,4,2273.75
cosivina,default,memory,100,headless,10,5,2285.67
cosivina,default,memory,100,headless,10,6,2303.59
cosivina,default,memory,100,headless,10,7,2286.69
cosivina,default,memory,100,headless,10,8,2288.08
cosivina,default,memory,100,headless,10,9,2273.40
cosivina,default,memory,100,headless,10,10,2266.20
cosivina,default,memory,100,headless,50,1,442.16
cosivina,default,memory,100,headless,50,2,439.14
cosivina,default,memory,100,headless,50,3,436.07
cosivina,default,memory,100,headless,50,4,441.80
cosivina,default,memory,100,headless,50,5,452.61
cosivina,default,memory,100,headless,50,6,441.48
cosivina,default,memory,100,headless,50,7,451.78
cosivina,default,memory,100,headless,50,8,452.48
cosivina,default,memory,100,headless,50,9,455.69
cosivina,default,memory,100,headless,50,10,457.14
cosivina,default,memory,100,headless,100,1,225.32
cosivina,default,memory,100,headless,100,2,225.23
cosivina,default,memory,100,headless,100,3,226.11
cosivina,default,memory,100,headless,100,4,223.71
cosivina,default,memory,100,headless,100,5,223.96
cosivina,default,memory,100,headless,100,6,214.83
cosivina,default,memory,100,headless,100,7,217.74
cosivina,default,memory,100,headless,100,8,227.64
cosivina,default,memory,100,headless,100,9,221.81
cosivina,default,memory,100,headless,100,10,226.15
cosivina,default,memory,500,headless,5,1,2752.69
cosivina,default,memory,500,headless,5,2,2738.91
cosivina,default,memory,500,headless,5,3,2754.92
cosivina,default,memory,500,headless,5,4,2774.55
cosivina,default,memory,500,headless,5,5,2777.39
cosivina,default,memory,500,headless,5,6,2760.03
cosivina,default,memory,500,headless,5,7,2763.86
cosivina,default,memory,500,headless,5,8,2754.00
cosivina,default,memory,500,headless,5,9,2758.97
cosivina,default,memory,500,headless,5,10,2770.80
cosivina,default,memory,500,headless,10,1,1389.40
cosivina,default,memory,500,headless,10,2,1393.57
cosivina,default,memory,500,headless,10,3,1362.32
cosivina,default,memory,500,headless,10,4,1355.44
cosivina,default,memory,500,headless,10,5,1333.82
cosivina,default,memory,500,headless,10,6,1286.87
cosivina,default,memory,500,headless,10,7,1377.53
cosivina,default,memory,500,headless,10,8,1368.17
cosivina,default,memory,500,headless,10,9,1385.11
cosivina,default,memory,500,headless,10,10,1375.02
cosivina,default,memory,500,headless,50,1,275.01
cosivina,default,memory,500,headless,50,2,275.28
cosivina,default,memory,500,headless,50,3,271.51
cosivina,default,memory,500,headless,50,4,272.47
cosivina,default,memory,500,headless,50,5,272.87
cosivina,default,memory,500,headless,50,6,276.19
cosivina,default,memory,500,headless,50,7,273.10
cosivina,default,memory,500,headless,50,8,274.25
cosivina,default,memory,500,headless,50,9,268.82
cosivina,default,memory,500,headless,50,10,271.90
cosivina,default,memory,500,headless,100,1,137.16
cosivina,default,memory,500,headless,100,2,132.74
cosivina,default,memory,500,headless,100,3,134.08
cosivina,default,memory,500,headless,100,4,133.31
cosivina,default,memory,500,headless,100,5,136.66
cosivina,default,memory,500,headless,100,6,135.27
cosivina,default,memory,500,headless,100,7,137.19
cosivina,default,memory,500,headless,100,8,136.60
cosivina,default,memory,500,headless,100,9,135.86
cosivina,default,memory,500,headless,100,10,138.16
cosivina,default,multi-peak,100,headless,5,1,4392.76
cosivina,default,multi-peak,100,headless,5,2,4405.20
cosivina,default,multi-peak,100,headless,5,3,4396.05
cosivina,default,multi-peak,100,headless,5,4,4394.44
cosivina,default,multi-peak,100,headless,5,5,4389.36
cosivina,default,multi-peak,100,headless,5,6,4396.98
cosivina,default,multi-peak,100,headless,5,7,4353.54
cosivina,default,multi-peak,100,headless,5,8,4381.75
cosivina,default,multi-peak,100,headless,5,9,4436.06
cosivina,default,multi-peak,100,headless,5,10,4396.49
cosivina,default,multi-peak,100,headless,10,1,2165.12
cosivina,default,multi-peak,100,headless,10,2,2200.14
cosivina,default,multi-peak,100,headless,10,3,2200.10
cosivina,default,multi-peak,100,headless,10,4,2200.43
cosivina,default,multi-peak,100,headless,10,5,2204.64
cosivina,default,multi-peak,100,headless,10,6,2203.31
cosivina,default,multi-peak,100,headless,10,7,2199.60
cosivina,default,multi-peak,100,headless,10,8,2183.91
cosivina,default,multi-peak,100,headless,10,9,2205.71
cosivina,default,multi-peak,100,headless,10,10,2194.31
cosivina,default,multi-peak,100,headless,50,1,441.30
cosivina,default,multi-peak,100,headless,50,2,440.54
cosivina,default,multi-peak,100,headless,50,3,440.70
cosivina,default,multi-peak,100,headless,50,4,440.48
cosivina,default,multi-peak,100,headless,50,5,438.28
cosivina,default,multi-peak,100,headless,50,6,440.05
cosivina,default,multi-peak,100,headless,50,7,438.89
cosivina,default,multi-peak,100,headless,50,8,442.71
cosivina,default,multi-peak,100,headless,50,9,434.31
cosivina,default,multi-peak,100,headless,50,10,440.97
cosivina,default,multi-peak,100,headless,100,1,218.40
cosivina,default,multi-peak,100,headless,100,2,217.43
cosivina,default,multi-peak,100,headless,100,3,218.68
cosivina,default,multi-peak,100,headless,100,4,217.14
cosivina,default,multi-peak,100,headless,100,5,216.04
cosivina,default,multi-peak,100,headless,100,6,214.36
cosivina,default,multi-peak,100,headless,100,7,219.05
cosivina,default,multi-peak,100,headless,100,8,217.92
cosivina,default,multi-peak,100,headless,100,9,217.83
cosivina,default,multi-peak,100,headless,100,10,218.31
cosivina,default,multi-peak,500,headless,5,1,3150.35
cosivina,default,multi-peak,500,headless,5,2,3097.51
cosivina,default,multi-peak,500,headless,5,3,3136.61
cosivina,default,multi-peak,500,headless,5,4,3166.37
cosivina,default,multi-peak,500,headless,5,5,3160.36
cosivina,default,multi-peak,500,headless,5,6,3175.62
cosivina,default,multi-peak,500,headless,5,7,3173.51
cosivina,default,multi-peak,500,headless,5,8,3140.55
cosivina,default,multi-peak,500,headless,5,9,3149.43
cosivina,default,multi-peak,500,headless,5,10,3131.44
cosivina,default,multi-peak,500,headless,10,1,1573.64
cosivina,default,multi-peak,500,headless,10,2,1582.85
cosivina,default,multi-peak,500,headless,10,3,1582.06
cosivina,default,multi-peak,500,headless,10,4,1584.43
cosivina,default,multi-peak,500,headless,10,5,1581.53
cosivina,default,multi-peak,500,headless,10,6,1580.20
cosivina,default,multi-peak,500,headless,10,7,1577.95
cosivina,default,multi-peak,500,headless,10,8,1570.08
cosivina,default,multi-peak,500,headless,10,9,1580.47
cosivina,default,multi-peak,500,headless,10,10,1571.38
cosivina,default,multi-peak,500,headless,50,1,313.80
cosivina,default,multi-peak,500,headless,50,2,315.57
cosivina,default,multi-peak,500,headless,50,3,314.84
cosivina,default,multi-peak,500,headless,50,4,312.09
cosivina,default,multi-peak,500,headless,50,5,315.05
cosivina,default,multi-peak,500,headless,50,6,313.90
cosivina,default,multi-peak,500,headless,50,7,312.73
cosivina,default,multi-peak,500,headless,50,8,313.10
cosivina,default,multi-peak,500,headless,50,9,314.50
cosivina,default,multi-peak,500,headless,50,10,314.24
cosivina,default,multi-peak,500,headless,100,1,156.25
cosivina,default,multi-peak,500,headless,100,2,155.79
cosivina,default,multi-peak,500,headless,100,3,155.84
cosivina,default,multi-peak,500,headless,100,4,150.40
cosivina,default,multi-peak,500,headless,100,5,150.70
cosivina,default,multi-peak,500,headless,100,6,158.22
cosivina,default,multi-peak,500,headless,100,7,157.14
cosivina,default,multi-peak,500,headless,100,8,158.04
cosivina,default,multi-peak,500,headless,100,9,157.04
cosivina,default,multi-peak,500,headless,100,10,152.00
