cedar,opencv,detection,100,headless,5,1,11942.64
cedar,opencv,detection,100,headless,5,2,11624.47
cedar,opencv,detection,100,headless,5,3,11897.13
cedar,opencv,detection,100,headless,5,4,11472.85
cedar,opencv,detection,100,headless,5,5,11519.98
cedar,opencv,detection,100,headless,10,1,5623.00
cedar,opencv,detection,100,headless,10,2,5759.46
cedar,opencv,detection,100,headless,10,3,5769.25
cedar,opencv,detection,100,headless,10,4,5719.55
cedar,opencv,detection,100,headless,10,5,5767.01
cedar,opencv,detection,100,headless,50,1,1150.81
cedar,opencv,detection,100,headless,50,2,1120.42
cedar,opencv,detection,100,headless,50,3,1142.93
cedar,opencv,detection,100,headless,50,4,1155.35
cedar,opencv,detection,100,headless,50,5,1122.96
cedar,opencv,detection,100,headless,100,1,551.95
cedar,opencv,detection,100,headless,100,2,556.47
cedar,opencv,detection,100,headless,100,3,558.16
cedar,opencv,detection,100,headless,100,4,556.11
cedar,opencv,detection,100,headless,100,5,563.95
cedar,fftw,detection,100,headless,5,1,20562.42
cedar,fftw,detection,100,headless,5,2,21236.02
cedar,fftw,detection,100,headless,5,3,21383.33
cedar,fftw,detection,100,headless,5,4,21544.71
cedar,fftw,detection,100,headless,5,5,21391.66
cedar,fftw,detection,100,headless,10,1,10469.41
cedar,fftw,detection,100,headless,10,2,10405.82
cedar,fftw,detection,100,headless,10,3,10598.32
cedar,fftw,detection,100,headless,10,4,10676.47
cedar,fftw,detection,100,headless,10,5,10645.17
cedar,fftw,detection,100,headless,50,1,2084.51
cedar,fftw,detection,100,headless,50,2,2045.26
cedar,fftw,detection,100,headless,50,3,2082.91
cedar,fftw,detection,100,headless,50,4,2089.36
cedar,fftw,detection,100,headless,50,5,2102.76
cedar,fftw,detection,100,headless,100,1,980.51
cedar,fftw,detection,100,headless,100,2,987.83
cedar,fftw,detection,100,headless,100,3,985.92
cedar,fftw,detection,100,headless,100,4,993.68
cedar,fftw,detection,100,headless,100,5,991.21
cedar,opencv,selection,100,headless,5,1,11407.29
cedar,opencv,selection,100,headless,5,2,11558.47
cedar,opencv,selection,100,headless,5,3,11756.64
cedar,opencv,selection,100,headless,5,4,11569.22
cedar,opencv,selection,100,headless,5,5,11736.89
cedar,opencv,selection,100,headless,10,1,5759.12
cedar,opencv,selection,100,headless,10,2,5853.93
cedar,opencv,selection,100,headless,10,3,5810.62
cedar,opencv,selection,100,headless,10,4,5827.16
cedar,opencv,selection,100,headless,10,5,5776.90
cedar,opencv,selection,100,headless,50,1,1131.38
cedar,opencv,selection,100,headless,50,2,1128.84
cedar,opencv,selection,100,headless,50,3,1145.66
cedar,opencv,selection,100,headless,50,4,1141.91
cedar,opencv,selection,100,headless,50,5,1142.13
cedar,opencv,selection,100,headless,100,1,548.70
cedar,opencv,selection,100,headless,100,2,551.56
cedar,opencv,selection,100,headless,100,3,549.56
cedar,opencv,selection,100,headless,100,4,552.43
cedar,opencv,selection,100,headless,100,5,551.78
cedar,fftw,selection,100,headless,5,1,21368.05
cedar,fftw,selection,100,headless,5,2,20683.10
cedar,fftw,selection,100,headless,5,3,21258.14
cedar,fftw,selection,100,headless,5,4,21081.97
cedar,fftw,selection,100,headless,5,5,21055.31
cedar,fftw,selection,100,headless,10,1,10344.69
cedar,fftw,selection,100,headless,10,2,10520.57
cedar,fftw,selection,100,headless,10,3,10466.80
cedar,fftw,selection,100,headless,10,4,10420.16
cedar,fftw,selection,100,headless,10,5,10566.78
cedar,fftw,selection,100,headless,50,1,1959.58
cedar,fftw,selection,100,headless,50,2,1967.32
cedar,fftw,selection,100,headless,50,3,1998.83
cedar,fftw,selection,100,headless,50,4,1979.89
cedar,fftw,selection,100,headless,50,5,1995.24
cedar,fftw,selection,100,headless,100,1,973.56
cedar,fftw,selection,100,headless,100,2,984.81
cedar,fftw,selection,100,headless,100,3,980.40
cedar,fftw,selection,100,headless,100,4,984.30
cedar,fftw,selection,100,headless,100,5,983.93
cedar,opencv,memory,100,headless,5,1,4107.98
cedar,opencv,memory,100,headless,5,2,4081.20
cedar,opencv,memory,100,headless,5,3,4123.79
cedar,opencv,memory,100,headless,5,4,4123.15
cedar,opencv,memory,100,headless,5,5,4120.31
cedar,opencv,memory,100,headless,10,1,2057.43
cedar,opencv,memory,100,headless,10,2,2044.22
cedar,opencv,memory,100,headless,10,3,2063.21
cedar,opencv,memory,100,headless,10,4,2067.13
cedar,opencv,memory,100,headless,10,5,2069.37
cedar,opencv,memory,100,headless,50,1,399.57
cedar,opencv,memory,100,headless,50,2,402.19
cedar,opencv,memory,100,headless,50,3,403.76
cedar,opencv,memory,100,headless,50,4,402.93
cedar,opencv,memory,100,headless,50,5,403.05
cedar,opencv,memory,100,headless,100,1,201.91
cedar,opencv,memory,100,headless,100,2,202.52
cedar,opencv,memory,100,headless,100,3,202.03
cedar,opencv,memory,100,headless,100,4,202.34
cedar,opencv,memory,100,headless,100,5,202.45
cedar,fftw,memory,100,headless,5,1,24118.41
cedar,fftw,memory,100,headless,5,2,23451.91
cedar,fftw,memory,100,headless,5,3,23766.38
cedar,fftw,memory,100,headless,5,4,24240.84
cedar,fftw,memory,100,headless,5,5,24255.15
cedar,fftw,memory,100,headless,10,1,11876.41
cedar,fftw,memory,100,headless,10,2,11768.64
cedar,fftw,memory,100,headless,10,3,12088.50
cedar,fftw,memory,100,headless,10,4,12027.33
cedar,fftw,memory,100,headless,10,5,11982.33
cedar,fftw,memory,100,headless,50,1,2280.44
cedar,fftw,memory,100,headless,50,2,2247.45
cedar,fftw,memory,100,headless,50,3,2278.06
cedar,fftw,memory,100,headless,50,4,2289.29
cedar,fftw,memory,100,headless,50,5,2295.90
cedar,fftw,memory,100,headless,100,1,1099.88
cedar,fftw,memory,100,headless,100,2,1108.28
cedar,fftw,memory,100,headless,100,3,1111.97
cedar,fftw,memory,100,headless,100,4,1112.52
cedar,fftw,memory,100,headless,100,5,1113.66
cedar,opencv,multi-peak,100,headless,5,1,14191.04
cedar,opencv,multi-peak,100,headless,5,2,14483.73
cedar,opencv,multi-peak,100,headless,5,3,13960.29
cedar,opencv,multi-peak,100,headless,5,4,14462.04
cedar,opencv,multi-peak,100,headless,5,5,14541.00
cedar,opencv,multi-peak,100,headless,10,1,7265.49
cedar,opencv,multi-peak,100,headless,10,2,7212.26
cedar,opencv,multi-peak,100,headless,10,3,7274.31
cedar,opencv,multi-peak,100,headless,10,4,7216.65
cedar,opencv,multi-peak,100,headless,10,5,7215.54
cedar,opencv,multi-peak,100,headless,50,1,1421.85
cedar,opencv,multi-peak,100,headless,50,2,1397.19
cedar,opencv,multi-peak,100,headless,50,3,1416.09
cedar,opencv,multi-peak,100,headless,50,4,1423.84
cedar,opencv,multi-peak,100,headless,50,5,1420.04
cedar,opencv,multi-peak,100,headless,100,1,676.86
cedar,opencv,multi-peak,100,headless,100,2,683.60
cedar,opencv,multi-peak,100,headless,100,3,684.23
cedar,opencv,multi-peak,100,headless,100,4,682.62
cedar,opencv,multi-peak,100,headless,100,5,684.21
cedar,fftw,multi-peak,100,headless,5,1,21587.66
cedar,fftw,multi-peak,100,headless,5,2,21842.17
cedar,fftw,multi-peak,100,headless,5,3,21587.78
cedar,fftw,multi-peak,100,headless,5,4,21880.76
cedar,fftw,multi-peak,100,headless,5,5,21530.89
cedar,fftw,multi-peak,100,headless,10,1,10769.78
cedar,fftw,multi-peak,100,headless,10,2,10584.90
cedar,fftw,multi-peak,100,headless,10,3,10828.21
cedar,fftw,multi-peak,100,headless,10,4,10760.31
cedar,fftw,multi-peak,100,headless,10,5,10730.37
cedar,fftw,multi-peak,100,headless,50,1,2007.71
cedar,fftw,multi-peak,100,headless,50,2,1990.31
cedar,fftw,multi-peak,100,headless,50,3,2024.99
cedar,fftw,multi-peak,100,headless,50,4,2033.36
cedar,fftw,multi-peak,100,headless,50,5,2017.73
cedar,fftw,multi-peak,100,headless,100,1,986.93
cedar,fftw,multi-peak,100,headless,100,2,995.98
cedar,fftw,multi-peak,100,headless,100,3,997.89
cedar,fftw,multi-peak,100,headless,100,4,1001.79
cedar,fftw,multi-peak,100,headless,100,5,1003.84
cedar,opencv,detection,500,headless,5,1,4181.85
cedar,opencv,detection,500,headless,5,2,4258.46
cedar,opencv,detection,500,headless,5,3,4232.88
cedar,opencv,detection,500,headless,5,4,4240.57
cedar,opencv,detection,500,headless,5,5,4167.68
cedar,opencv,detection,500,headless,10,1,2083.83
cedar,opencv,detection,500,headless,10,2,2101.56
cedar,opencv,detection,500,headless,10,3,2119.82
cedar,opencv,detection,500,headless,10,4,2117.14
cedar,opencv,detection,500,headless,10,5,2126.38
cedar,opencv,detection,500,headless,50,1,414.26
cedar,opencv,detection,500,headless,50,2,415.64
cedar,opencv,detection,500,headless,50,3,415.59
cedar,opencv,detection,500,headless,50,4,416.69
cedar,opencv,detection,500,headless,50,5,414.57
cedar,opencv,detection,500,headless,100,1,206.53
cedar,opencv,detection,500,headless,100,2,207.40
cedar,opencv,detection,500,headless,100,3,207.73
cedar,opencv,detection,500,headless,100,4,207.28
cedar,opencv,detection,500,headless,100,5,207.58
cedar,fftw,detection,500,headless,5,1,10124.54
cedar,fftw,detection,500,headless,5,2,10068.35
cedar,fftw,detection,500,headless,5,3,10064.12
cedar,fftw,detection,500,headless,5,4,9885.16
cedar,fftw,detection,500,headless,5,5,9851.39
cedar,fftw,detection,500,headless,10,1,4944.55
cedar,fftw,detection,500,headless,10,2,4949.42
cedar,fftw,detection,500,headless,10,3,5016.63
cedar,fftw,detection,500,headless,10,4,5045.65
cedar,fftw,detection,500,headless,10,5,5004.27
cedar,fftw,detection,500,headless,50,1,971.97
cedar,fftw,detection,500,headless,50,2,969.26
cedar,fftw,detection,500,headless,50,3,973.90
cedar,fftw,detection,500,headless,50,4,973.50
cedar,fftw,detection,500,headless,50,5,972.21
cedar,fftw,detection,500,headless,100,1,477.93
cedar,fftw,detection,500,headless,100,2,480.93
cedar,fftw,detection,500,headless,100,3,482.09
cedar,fftw,detection,500,headless,100,4,480.37
cedar,fftw,detection,500,headless,100,5,482.35
cedar,opencv,selection,500,headless,5,1,4194.93
cedar,opencv,selection,500,headless,5,2,4176.82
cedar,opencv,selection,500,headless,5,3,4173.63
cedar,opencv,selection,500,headless,5,4,4123.62
cedar,opencv,selection,500,headless,5,5,4165.60
cedar,opencv,selection,500,headless,10,1,2100.56
cedar,opencv,selection,500,headless,10,2,2090.11
cedar,opencv,selection,500,headless,10,3,2089.63
cedar,opencv,selection,500,headless,10,4,2101.52
cedar,opencv,selection,500,headless,10,5,2063.75
cedar,opencv,selection,500,headless,50,1,407.81
cedar,opencv,selection,500,headless,50,2,409.18
cedar,opencv,selection,500,headless,50,3,409.19
cedar,opencv,selection,500,headless,50,4,410.46
cedar,opencv,selection,500,headless,50,5,409.63
cedar,opencv,selection,500,headless,100,1,203.91
cedar,opencv,selection,500,headless,100,2,204.82
cedar,opencv,selection,500,headless,100,3,204.86
cedar,opencv,selection,500,headless,100,4,204.09
cedar,opencv,selection,500,headless,100,5,204.33
cedar,fftw,selection,500,headless,5,1,9896.81
cedar,fftw,selection,500,headless,5,2,10132.22
cedar,fftw,selection,500,headless,5,3,10177.62
cedar,fftw,selection,500,headless,5,4,10152.12
cedar,fftw,selection,500,headless,5,5,9520.38
cedar,fftw,selection,500,headless,10,1,4914.90
cedar,fftw,selection,500,headless,10,2,4938.94
cedar,fftw,selection,500,headless,10,3,5000.04
cedar,fftw,selection,500,headless,10,4,4990.97
cedar,fftw,selection,500,headless,10,5,5005.01
cedar,fftw,selection,500,headless,50,1,896.79
cedar,fftw,selection,500,headless,50,2,888.63
cedar,fftw,selection,500,headless,50,3,891.49
cedar,fftw,selection,500,headless,50,4,893.66
cedar,fftw,selection,500,headless,50,5,896.42
cedar,fftw,selection,500,headless,100,1,479.52
cedar,fftw,selection,500,headless,100,2,474.09
cedar,fftw,selection,500,headless,100,3,478.12
cedar,fftw,selection,500,headless,100,4,479.94
cedar,fftw,selection,500,headless,100,5,481.77
cedar,opencv,memory,500,headless,5,1,1463.50
cedar,opencv,memory,500,headless,5,2,1477.05
cedar,opencv,memory,500,headless,5,3,1475.19
cedar,opencv,memory,500,headless,5,4,1479.15
cedar,opencv,memory,500,headless,5,5,1475.25
cedar,opencv,memory,500,headless,10,1,732.69
cedar,opencv,memory,500,headless,10,2,731.72
cedar,opencv,memory,500,headless,10,3,738.22
cedar,opencv,memory,500,headless,10,4,737.35
cedar,opencv,memory,500,headless,10,5,737.58
cedar,opencv,memory,500,headless,50,1,147.31
cedar,opencv,memory,500,headless,50,2,146.81
cedar,opencv,memory,500,headless,50,3,147.27
cedar,opencv,memory,500,headless,50,4,147.28
cedar,opencv,memory,500,headless,50,5,147.26
cedar,opencv,memory,500,headless,100,1,73.22
cedar,opencv,memory,500,headless,100,2,73.35
cedar,opencv,memory,500,headless,100,3,73.38
cedar,opencv,memory,500,headless,100,4,73.28
cedar,opencv,memory,500,headless,100,5,73.29
cedar,fftw,memory,500,headless,5,1,14581.27
cedar,fftw,memory,500,headless,5,2,14430.12
cedar,fftw,memory,500,headless,5,3,14421.09
cedar,fftw,memory,500,headless,5,4,14568.34
cedar,fftw,memory,500,headless,5,5,14566.78
cedar,fftw,memory,500,headless,10,1,7108.61
cedar,fftw,memory,500,headless,10,2,7268.35
cedar,fftw,memory,500,headless,10,3,7237.54
cedar,fftw,memory,500,headless,10,4,7056.61
cedar,fftw,memory,500,headless,10,5,7145.43
cedar,fftw,memory,500,headless,50,1,1374.66
cedar,fftw,memory,500,headless,50,2,1368.44
cedar,fftw,memory,500,headless,50,3,1363.48
cedar,fftw,memory,500,headless,50,4,1368.56
cedar,fftw,memory,500,headless,50,5,1363.57
cedar,fftw,memory,500,headless,100,1,674.16
cedar,fftw,memory,500,headless,100,2,679.72
cedar,fftw,memory,500,headless,100,3,678.03
cedar,fftw,memory,500,headless,100,4,677.60
cedar,fftw,memory,500,headless,100,5,678.93
cedar,opencv,multi-peak,500,headless,5,1,5189.02
cedar,opencv,multi-peak,500,headless,5,2,5171.23
cedar,opencv,multi-peak,500,headless,5,3,5200.28
cedar,opencv,multi-peak,500,headless,5,4,5176.38
cedar,opencv,multi-peak,500,headless,5,5,5167.58
cedar,opencv,multi-peak,500,headless,10,1,2529.26
cedar,opencv,multi-peak,500,headless,10,2,2578.94
cedar,opencv,multi-peak,500,headless,10,3,2588.64
cedar,opencv,multi-peak,500,headless,10,4,2597.62
cedar,opencv,multi-peak,500,headless,10,5,2610.41
cedar,opencv,multi-peak,500,headless,50,1,507.49
cedar,opencv,multi-peak,500,headless,50,2,508.67
cedar,opencv,multi-peak,500,headless,50,3,509.27
cedar,opencv,multi-peak,500,headless,50,4,508.10
cedar,opencv,multi-peak,500,headless,50,5,509.91
cedar,opencv,multi-peak,500,headless,100,1,252.27
cedar,opencv,multi-peak,500,headless,100,2,252.72
cedar,opencv,multi-peak,500,headless,100,3,253.56
cedar,opencv,multi-peak,500,headless,100,4,253.04
cedar,opencv,multi-peak,500,headless,100,5,253.52
cedar,fftw,multi-peak,500,headless,5,1,10166.52
cedar,fftw,multi-peak,500,headless,5,2,10140.75
cedar,fftw,multi-peak,500,headless,5,3,10191.71
cedar,fftw,multi-peak,500,headless,5,4,10148.04
cedar,fftw,multi-peak,500,headless,5,5,9914.61
cedar,fftw,multi-peak,500,headless,10,1,5043.48
cedar,fftw,multi-peak,500,headless,10,2,5039.17
cedar,fftw,multi-peak,500,headless,10,3,5104.09
cedar,fftw,multi-peak,500,headless,10,4,5087.18
cedar,fftw,multi-peak,500,headless,10,5,5110.30
cedar,fftw,multi-peak,500,headless,50,1,965.10
cedar,fftw,multi-peak,500,headless,50,2,952.46
cedar,fftw,multi-peak,500,headless,50,3,959.91
cedar,fftw,multi-peak,500,headless,50,4,963.66
cedar,fftw,multi-peak,500,headless,50,5,959.52
cedar,fftw,multi-peak,500,headless,100,1,281.61
cedar,fftw,multi-peak,500,headless,100,2,284.33
cedar,fftw,multi-peak,500,headless,100,3,285.52
cedar,fftw,multi-peak,500,headless,100,4,282.57
cedar,fftw,multi-peak,500,headless,100,5,278.68
