fwv,dim,field_size,N,n_regimes,regime_median_min,regime_median_max,regime_mean_of_medians,regime_spread,max_pct_in_group,max_run_range_in_group,claim_holds_ci_vs_spread,claim_holds_range_vs_spread
cedar (fftw),1D,100,5,4,21719.09,24792.43,22766.48375,13.499405677875048,2.923676104909807,12.802202734424224,TRUE,TRUE
cedar (fftw),1D,100,10,4,10627.13,12342.384999999998,11136.30875,15.402365707577918,1.3966197471424358,5.497083776178412,TRUE,TRUE
cedar (fftw),1D,100,50,4,2013.025,2351.325,2140.61375,15.803878677318583,1.8737014188556422,8.27183063088551,TRUE,TRUE
cedar (fftw),1D,100,100,4,986.855,1121.6100000000001,1029.16875,13.093576733650346,1.030683657520089,4.7325985484804844,TRUE,TRUE
cedar (fftw),1D,500,5,4,10069.305,14696.349999999999,11311.26,40.90653914771651,2.320129552060209,9.88139305029305,TRUE,TRUE
cedar (fftw),1D,500,10,4,5045.175,7278.77,5620.8125,39.737938242914176,1.324429022167184,5.284049358413679,TRUE,TRUE
cedar (fftw),1D,500,50,4,883.905,1369.19,1045.58625,46.41271822386724,1.1672877985070729,5.3531683542856126,TRUE,TRUE
cedar (fftw),1D,500,100,4,479.01,680.4,532.1975,37.841214962490426,1.1061735041058551,5.332489633598245,TRUE,TRUE
cedar (fftw),1D,1000,5,4,6179.135,9976.904999999999,7148.19875,53.12904876910423,1.3049443078025276,6.126431949426248,TRUE,TRUE
cedar (fftw),1D,1000,10,4,3075.37,4842.335,3533.93625,49.99991157169289,0.7245708908195901,3.349169802370401,TRUE,TRUE
cedar (fftw),1D,1000,50,4,590.44,923.28,676.35875,49.21057057367853,0.6030637047875883,2.623644909978388,TRUE,TRUE
cedar (fftw),1D,1000,100,4,296.595,454.63,337.23625000000004,46.86180681940329,0.4953466204539054,2.276863027788281,TRUE,TRUE
cedar (fftw),2D,100,5,4,743.03,783.325,770.845,5.2273803423515846,1.7232732090774625,6.872939676658849,TRUE,FALSE
cedar (fftw),2D,100,10,4,359.8,385.83,376.28,6.917720846178371,0.8104543869516165,3.489797005700881,TRUE,TRUE
cedar (fftw),2D,100,50,4,69.805,72.50999999999999,71.33125,3.792166827302177,1.4431319713780455,5.2995874991260665,TRUE,FALSE
cedar (fftw),2D,100,100,4,34.894999999999996,35.8,35.47125,2.5513620185361416,0.9819404081637632,3.857765850385784,TRUE,FALSE
cedar (fftw),2D,200,5,4,174.51,187.9,181.3,7.385548814120249,1.1193997841975838,5.377173340708545,TRUE,TRUE
cedar (fftw),2D,200,10,4,92.455,97.975,96.22999999999999,5.736256884547434,0.6491203580423676,2.777057399723383,TRUE,TRUE
cedar (fftw),2D,200,50,4,17.59,18.52,17.955,5.179615705931495,1.4906626387890425,4.748130764612787,TRUE,TRUE
cedar (fftw),2D,200,100,4,8.885,9.22,9.06,3.697571743929369,1.262344634845756,4.574871680428478,TRUE,FALSE
cedar (fftw),2D,500,5,4,21.97,22.1,22.03125,0.5900709219858272,0.5625562142936329,2.3209247292254394,TRUE,FALSE
cedar (fftw),2D,500,10,4,10.895,10.985,10.9475,0.8221055035396196,0.869899417473591,3.468735737106351,FALSE,FALSE
cedar (fftw),2D,500,50,4,2.18,2.25,2.215,3.1602708803611668,0.6415407493774791,2.759889604415826,TRUE,TRUE
cedar (fftw),2D,500,100,4,1.09,1.1150000000000002,1.1037500000000002,2.265005662514168,0.6340370906672368,2.7422303473491794,TRUE,FALSE
cedar (opencv),1D,100,5,4,4122.145,14646.505000000001,10643.67125,98.87904044386941,1.88645537798127,6.614435035428049,TRUE,TRUE
cedar (opencv),1D,100,10,4,2048.235,7336.365,5321.68125,99.36953664784036,1.1811390785233755,5.694893041995332,TRUE,TRUE
cedar (opencv),1D,100,50,4,404.23,1383.7849999999999,1018.92,96.13659561103913,1.105299521341655,4.822367533174204,TRUE,TRUE
cedar (opencv),1D,100,100,4,201.195,676.045,498.95375,95.169141428439,0.6382553140773871,2.459318404787237,TRUE,TRUE
cedar (opencv),1D,500,5,4,1483.775,5161.200000000001,3745.505,98.1823545823594,0.6514297531283285,2.9973774760891803,TRUE,TRUE
cedar (opencv),1D,500,10,4,733.4749999999999,2574.69,1871.38,98.38808793510671,0.738604909756833,3.638422111508164,TRUE,TRUE
cedar (opencv),1D,500,50,4,146.72,502.085,365.685,97.17789901144428,0.40102919706765294,1.9288538327358908,TRUE,TRUE
cedar (opencv),1D,500,100,4,73.275,249.825,182.30374999999998,96.84386634943056,0.4701981503360679,2.2347310098015196,TRUE,TRUE
cedar (opencv),1D,1000,5,4,806.255,2860.71,2077.56,98.88787808775679,1.0768505519321776,3.9200620645411517,TRUE,TRUE
cedar (opencv),1D,1000,10,4,396.82,1425.545,1030.415,99.83598841243578,1.0261338735693217,4.902269475260372,TRUE,TRUE
cedar (opencv),1D,1000,50,4,79.1,281.26,203.9025,99.14542489670308,0.8408347419206789,3.2341282325552223,TRUE,TRUE
cedar (opencv),1D,1000,100,4,40.565,140.32999999999998,102.07124999999999,97.74054888129615,0.2745719229464071,1.3599554923657098,TRUE,TRUE
cedar (opencv),2D,100,5,4,344.625,895.5799999999999,740.8875,74.36419159454032,0.7731591027405069,3.0376416690304064,TRUE,TRUE
cedar (opencv),2D,100,10,4,170.89,439.355,366.38875,73.27326507705273,0.8871973048383589,4.011543747973678,TRUE,TRUE
cedar (opencv),2D,100,50,4,33.675,87.08500000000001,71.80000000000001,74.38718662952647,0.8403913828859517,3.644837476099423,TRUE,TRUE
cedar (opencv),2D,100,100,4,16.310000000000002,41.675,34.598749999999995,73.31189710610933,1.1596949642958447,4.642727602466453,TRUE,TRUE
cedar (opencv),2D,200,5,4,121.785,241.15,206.79375,57.721763834738724,0.8746619205396705,4.2706040090709045,TRUE,TRUE
cedar (opencv),2D,200,10,4,63.07,119.18,103.16000000000001,54.39123691353238,0.6666407282007912,3.0559250110836653,TRUE,TRUE
cedar (opencv),2D,200,50,4,12.45,23.33,20.1625,53.96156230626162,1.1725228781551156,3.7442922374429237,TRUE,TRUE
cedar (opencv),2D,200,100,4,6.16,11.65,9.96875,55.07210031347962,0.9747565618270755,3.7868542061130643,TRUE,TRUE
cedar (opencv),2D,500,5,4,21.439999999999998,35.379999999999995,31.08,44.851994851994846,0.49104850644474213,2.299460511187763,TRUE,TRUE
cedar (opencv),2D,500,10,4,10.879999999999999,17.755,15.6025,44.06345136997276,0.7065651640518378,2.5903685387966635,TRUE,TRUE
cedar (opencv),2D,500,50,4,2.13,3.48,3.0775,43.86677497969131,0.4819817662238623,2.376708259061202,TRUE,TRUE
cedar (opencv),2D,500,100,4,1.08,1.76,1.5425,44.08427876823339,0.46047039983719557,1.7921146953405034,TRUE,TRUE
cosivina,1D,100,5,4,13696.83,15517.045,14831.64,12.272513356580932,9.715238334176943,39.86744190545508,TRUE,FALSE
cosivina,1D,100,10,4,7439.305,8458.75,7855.05875,12.97819701221203,3.4681782589414136,13.74702285100349,TRUE,FALSE
cosivina,1D,100,50,4,1461.99,1697.94,1562.015,15.105488743706047,2.880977527847306,13.62014936721896,TRUE,TRUE
cosivina,1D,100,100,4,716.3199999999999,867.255,774.47375,19.488717338709034,1.5619342261575362,5.941338885725297,TRUE,TRUE
cosivina,1D,500,5,4,7025.389999999999,9763.185000000001,8775.86375,31.19687221670917,2.3616074674009497,9.7875491122739,TRUE,TRUE
cosivina,1D,500,10,4,3496.205,4831.995,4361.84625,30.624417355380192,1.5430482447320413,7.83613650295211,TRUE,TRUE
cosivina,1D,500,50,4,694.395,948.0899999999999,857.2674999999999,29.593446619637387,1.7675468940866161,7.347673822842151,TRUE,TRUE
cosivina,1D,500,100,4,348.265,477.54,427.72125,30.224123772199775,2.1195588663339753,9.906962550829956,TRUE,TRUE
cosivina,1D,1000,5,4,4443.815,6521.5650000000005,5859.02625,35.462377387368775,1.8988770291701773,8.761682693145048,TRUE,TRUE
cosivina,1D,1000,10,4,2191.2650000000003,3292.825,2938.88875,37.48219458800539,1.8978026736099045,8.016797391906264,TRUE,TRUE
cosivina,1D,1000,50,4,402.395,640.3299999999999,566.265,42.01831298067158,6.102799147757816,17.430877766556115,TRUE,TRUE
cosivina,1D,1000,100,4,215.87,316.615,284.905,35.360909776943195,0.9459147968595176,3.5976705638785114,TRUE,TRUE
cosivina,2D,100,5,4,365.155,865.07,690.90375,72.35667775721294,6.4067162617226145,27.549916880840065,TRUE,TRUE
cosivina,2D,100,10,4,177.275,430.015,349.3025,72.35562299153311,1.7466647132889115,7.558233552932243,TRUE,TRUE
cosivina,2D,100,50,4,34.08,80.785,66.345,70.39716632753033,0.9793576484852957,4.114523270547702,TRUE,TRUE
cosivina,2D,100,100,4,17.23,38.64,31.7625,67.40653286107832,1.375085850271534,5.959684487291847,TRUE,TRUE
cosivina,2D,200,5,4,107.23,302.92,222.08375,88.11540691293261,1.1348349958143302,5.543523614615831,TRUE,TRUE
cosivina,2D,200,10,4,54.43,142.555,108.08875,81.53022400573602,1.4339122690249628,6.173835565502299,TRUE,TRUE
cosivina,2D,200,50,4,10.4,25.045,19.27625,75.97432073147009,1.1688537193046598,5.050505050505056,TRUE,TRUE
cosivina,2D,200,100,4,5.16,12.614999999999998,9.657499999999999,77.19389075847785,0.610449206345343,2.915451895043739,TRUE,TRUE
cosivina,2D,500,5,4,12.5,25.86,19.7775,67.55151055492352,0.7061796419545927,3.62530698163958,TRUE,TRUE
cosivina,2D,500,10,4,6.155,12.05,9.595,61.4382490880667,1.0849480925820445,3.494176372712146,TRUE,TRUE
cosivina,2D,500,50,4,1.22,2.355,1.8875,60.13245033112583,1.0300315420743873,3.913043478260864,TRUE,TRUE
cosivina,2D,500,100,4,0.61,1.17,0.94,59.57446808510638,0.5664757613338428,2.6064291920069533,TRUE,TRUE
cosivina (fft),1D,100,5,4,15571.744999999999,17153.425000000003,16463.49,9.607197501866274,5.499620324918018,21.63262484303175,TRUE,FALSE
cosivina (fft),1D,100,10,4,7982.77,9148.555,8356.71125,13.950284569183838,3.415432583164467,15.903503759472676,TRUE,FALSE
cosivina (fft),1D,100,50,4,1583.375,1763.03,1662.23625,10.808030446935565,1.7380053321552709,7.976636303132047,TRUE,TRUE
cosivina (fft),1D,100,100,4,754.7,863.595,799.34625,13.623007551483475,1.6180914947941918,7.637416739067471,TRUE,TRUE
cosivina (fft),1D,500,5,4,9021.055,10246.795,9583.47125,12.790146367893572,3.1453545395234643,11.956547976150814,TRUE,TRUE
cosivina (fft),1D,500,10,4,4471.615,5188.055,4801.30125,14.921788129832523,2.3365108900662332,10.558007932649318,TRUE,TRUE
cosivina (fft),1D,500,50,4,860.55,1013.4000000000001,936.7725,16.31666172950211,1.4687916444379236,5.477330003930545,TRUE,TRUE
cosivina (fft),1D,500,100,4,433.16499999999996,513.24,470.1575,17.03152666925446,0.9217251079450799,4.481093308494907,TRUE,TRUE
cosivina (fft),1D,1000,5,4,5735.645,7144.215,6507.66125,21.644795970288094,7.098620417640702,33.69498008371024,TRUE,FALSE
cosivina (fft),1D,1000,10,4,2851.28,3542.805,3227.03375,21.429122022662444,1.716401066078976,7.994606715557729,TRUE,TRUE
cosivina (fft),1D,1000,50,4,562.085,692.465,630.38,20.682762778006918,1.625541358821562,6.954521323659532,TRUE,TRUE
cosivina (fft),1D,1000,100,4,277.495,339.45500000000004,313.14125,19.78659790110694,0.6986213639833498,3.2396132891171447,TRUE,TRUE
cosivina (fft),2D,100,5,4,925.485,1015.025,971.23375,9.219201865668277,6.1662481938885865,27.536626278127727,TRUE,FALSE
cosivina (fft),2D,100,10,4,468.47,494.575,482.73,5.407784890104192,2.905011315816017,11.364896209454944,TRUE,FALSE
cosivina (fft),2D,100,50,4,88.88,93.695,91.57625,5.257913487394382,0.6950559813729448,2.8724605584852756,TRUE,TRUE
cosivina (fft),2D,100,100,4,41.629999999999995,44.17,42.95,5.913853317811423,1.2224709881027631,5.058666479308658,TRUE,TRUE
cosivina (fft),2D,200,5,4,253.075,261.895,257.15625,3.42982136347065,3.8586108546252875,15.748284046443015,FALSE,FALSE
cosivina (fft),2D,200,10,4,122.105,127.745,124.97125,4.51303799873971,1.0462133013114818,5.177109553037578,TRUE,FALSE
cosivina (fft),2D,200,50,4,22.494999999999997,23.34,22.9025,3.689553542189728,0.7329486223579763,3.071803404582102,TRUE,TRUE
cosivina (fft),2D,200,100,4,11.17,11.600000000000001,11.38625,3.7764847952574505,0.7831063354168137,3.9335664335664275,TRUE,FALSE
cosivina (fft),2D,500,5,4,20.235,21.755,20.86375,7.285363369480556,1.631090014256692,5.775741884086836,TRUE,TRUE
cosivina (fft),2D,500,10,4,10.120000000000001,10.73,10.3675,5.883771401012775,1.3106083210818733,6.045589692765108,TRUE,FALSE
cosivina (fft),2D,500,50,4,1.99,2.11,2.04125,5.8787507654623345,0.8472609937888093,4.010025062656646,TRUE,TRUE
cosivina (fft),2D,500,100,4,0.99,1.06,1.0225,6.845965770171156,0.507535260884213,2.0161290322580663,TRUE,TRUE
cosivina-python (fft),1D,100,5,4,6293.455,6748.045,6423.11375,7.0774085232415525,1.6112751773573155,7.493684324251733,TRUE,FALSE
cosivina-python (fft),1D,100,10,4,3130.605,3377.95,3199.73,7.730183484231475,0.7883838674368772,3.2036058281017077,TRUE,TRUE
cosivina-python (fft),1D,100,50,4,624.835,663.725,635.56125,6.119001119089622,1.3156377918882223,5.427038490852506,TRUE,TRUE
cosivina-python (fft),1D,100,100,4,308.57,331.44000000000005,315.79625,7.2420112651749555,0.7897684569506109,3.099528961625659,TRUE,TRUE
cosivina-python (fft),1D,500,5,4,4056.585,4621.235000000001,4205.7875,13.425547534201396,1.2817039557849754,6.173951974495298,TRUE,TRUE
cosivina-python (fft),1D,500,10,4,2012.625,2287.9300000000003,2088.3075,13.18316387792508,2.225815940866046,9.336227958829385,TRUE,TRUE
cosivina-python (fft),1D,500,50,4,401.845,451.79999999999995,414.92375,12.039561485694644,1.1814632572625654,5.304539166772146,TRUE,TRUE
cosivina-python (fft),1D,500,100,4,200.11,227.265,207.4,13.09305689488909,0.41776846049466304,1.9841619005719398,TRUE,TRUE
cosivina-python (fft),1D,1000,5,4,2953.6949999999997,3487.46,3092.1099999999997,17.262160789881353,0.7878603404295644,2.974280780245072,TRUE,TRUE
cosivina-python (fft),1D,1000,10,4,1402.9,1675.29,1506.30375,18.08333810494728,3.0427618719344394,13.286742252197449,TRUE,TRUE
cosivina-python (fft),1D,1000,50,4,286.38,329.705,300.23,14.430603204210101,0.7973001284443343,3.621223518709663,TRUE,TRUE
cosivina-python (fft),1D,1000,100,4,139.91,169.66500000000002,149.01749999999998,19.967453487006576,0.8757358929688943,4.244248760919078,TRUE,TRUE
cosivina-python (fft),2D,100,5,4,529.0699999999999,552.9649999999999,539.0012499999999,4.433199366420761,1.7862659416419344,7.7826288409307605,TRUE,FALSE
cosivina-python (fft),2D,100,10,4,259.44,276.53499999999997,266.7075,6.409643523335479,0.5611290251917695,2.297069797942228,TRUE,TRUE
cosivina-python (fft),2D,100,50,4,50.24,51.17,50.82,1.8299881936245568,1.4568394203405848,6.242347604423837,TRUE,FALSE
cosivina-python (fft),2D,100,100,4,24.165,25.240000000000002,24.5825,4.373029594223545,1.507847191248301,5.390726329442276,TRUE,FALSE
cosivina-python (fft),2D,200,5,4,137.60000000000002,149.565,145.16000000000003,8.2426288233673,1.241869503288312,5.463434647338377,TRUE,TRUE
cosivina-python (fft),2D,200,10,4,67.06,72.97,70.5575,8.376147114055906,1.2480255272607672,4.742825591437422,TRUE,TRUE
cosivina-python (fft),2D,200,50,4,12.925,13.754999999999999,13.29125,6.244709865513013,1.0344231928069714,3.975839131432063,TRUE,TRUE
cosivina-python (fft),2D,200,100,4,6.585,6.71,6.640000000000001,1.8825301204819276,1.259880523907472,4.768290865742815,TRUE,FALSE
cosivina-python (fft),2D,500,5,4,20.27,21.085,20.74,3.929604628736747,0.7862953894662414,3.851091142490366,TRUE,TRUE
cosivina-python (fft),2D,500,10,4,10.15,10.41,10.3375,2.5151148730350643,1.1154055441687423,4.8939641109298515,TRUE,FALSE
cosivina-python (fft),2D,500,50,4,2.02,2.09,2.0625,3.393939393939386,0.5890468305085069,2.4764735017335333,TRUE,TRUE
cosivina-python (fft),2D,500,100,4,1.01,1.05,1.03,3.883495145631071,0.5478457642865691,1.9379844961240327,TRUE,TRUE
cosivina-python (nonumba),1D,100,5,4,8745.965,10502.665,9781.5475,17.959325965548913,2.35083247649317,10.98312801914215,TRUE,TRUE
cosivina-python (nonumba),1D,100,10,4,4369.465,5253.6,4873.9475,18.140018947680506,1.2224942596539679,5.1024649856033015,TRUE,TRUE
cosivina-python (nonumba),1D,100,50,4,867.4300000000001,1042.165,960.56875,18.19078540708303,1.6647339827251577,7.403222330318062,TRUE,TRUE
cosivina-python (nonumba),1D,100,100,4,435,517.74,480.14625,17.232249548965548,0.6991764081460947,3.357760387639385,TRUE,TRUE
cosivina-python (nonumba),1D,500,5,4,4998.635,5908.04,5586.91375,16.27741255178675,1.159263943098639,5.578832819729202,TRUE,TRUE
cosivina-python (nonumba),1D,500,10,4,2509.3900000000003,2941.23,2791.99125,15.46709718377519,1.0218006001147257,4.977658984898168,TRUE,TRUE
cosivina-python (nonumba),1D,500,50,4,499.415,583.8,552.905,15.262115553304804,0.886201111765888,3.2933008887377127,TRUE,TRUE
cosivina-python (nonumba),1D,500,100,4,248.24,288.07,274.94625,14.486467809617327,0.9540992763328943,4.232027791590893,TRUE,TRUE
cosivina-python (nonumba),1D,1000,5,4,3417,4078.055,3759.9175,17.581635767274147,1.1410690038587468,5.396135800497799,TRUE,TRUE
cosivina-python (nonumba),1D,1000,10,4,1698.355,2003.9,1845.0975,16.55982949410533,3.028906236665883,14.308674326568127,TRUE,TRUE
cosivina-python (nonumba),1D,1000,50,4,335.53499999999997,395.635,365.30625,16.45194956286678,0.7685455893315984,3.2658126804427163,TRUE,TRUE
cosivina-python (nonumba),1D,1000,100,4,167.89499999999998,194.885,181.7925,14.846597081837816,0.7044062611169337,3.270352562459631,TRUE,TRUE
cosivina-python (nonumba),2D,100,5,4,56.765,101.475,81.4575,54.887518030874986,1.5354665479095526,5.753862546616933,TRUE,TRUE
cosivina-python (nonumba),2D,100,10,4,28.255,51.825,41.4575,56.8534040885244,1.3167937450543765,4.523239099185447,TRUE,TRUE
cosivina-python (nonumba),2D,100,50,4,5.625,10.524999999999999,8.29125,59.09844715814864,1.0112712984948165,3.637756078881876,TRUE,TRUE
cosivina-python (nonumba),2D,100,100,4,2.8049999999999997,5.175000000000001,4.08625,57.99938819210771,1.0133645156168376,3.9611804317686703,TRUE,TRUE
cosivina-python (nonumba),2D,200,5,4,22.835,42.370000000000005,33.3875,58.509921377761145,1.1110443362356688,5.080201326497005,TRUE,TRUE
cosivina-python (nonumba),2D,200,10,4,11.385,21.625,16.79875,60.956916437234916,1.245035574058622,4.473230511159766,TRUE,TRUE
cosivina-python (nonumba),2D,200,50,4,2.295,4.225,3.33,57.95795795795795,0.8104251131170894,4.47538538040775,TRUE,TRUE
cosivina-python (nonumba),2D,200,100,4,1.15,2.125,1.66625,58.5146286571643,0.5412071514987898,2.1443888491779863,TRUE,TRUE
cosivina-python (nonumba),2D,500,5,4,6.055,10.594999999999999,8.4375,53.807407407407396,0.976539058662182,4.6503903006145055,TRUE,TRUE
cosivina-python (nonumba),2D,500,10,4,3.0149999999999997,5.3,4.185,54.59976105137396,1.3023288049002777,4.840067340067349,TRUE,TRUE
cosivina-python (nonumba),2D,500,50,4,0.6,1.06,0.8325,55.255255255255264,0.659329427023531,2.846299810246682,TRUE,TRUE
cosivina-python (nonumba),2D,500,100,4,0.3,0.52,0.415,53.0120481927711,0.9339194984152543,3.3222591362126277,TRUE,TRUE
cosivina-python (numba),1D,100,5,4,26875.8,30957.645,29874.97,13.663093218168925,9.17043263373697,46.12212722377899,TRUE,FALSE
cosivina-python (numba),1D,100,10,4,13797.615,16004.765,15138.408749999999,14.579801856651544,4.633673287280957,22.408068552577426,TRUE,FALSE
cosivina-python (numba),1D,100,50,4,2761.6450000000004,3203.76,3029.61,14.593132449391168,1.417538451323243,6.154639615583107,TRUE,TRUE
cosivina-python (numba),1D,100,100,4,1343.3600000000001,1590.6599999999999,1496.55625,16.524604404278136,1.3386219170203293,5.566541442457716,TRUE,TRUE
cosivina-python (numba),1D,500,5,4,7980.9400000000005,9776.335,9105.66625,19.717338091542707,3.796409620019495,15.69176579883062,TRUE,TRUE
cosivina-python (numba),1D,500,10,4,3986.23,4937.225,4577.05,20.77746583498105,1.8555821052267822,8.11122751567023,TRUE,TRUE
cosivina-python (numba),1D,500,50,4,791.31,979.1099999999999,905.2512499999999,20.74562172656486,0.7634559783843706,3.190918468230595,TRUE,TRUE
cosivina-python (numba),1D,500,100,4,393.08,486.865,450.53875,20.816189506452,0.9790208093722239,4.712156332230729,TRUE,TRUE
cosivina-python (numba),1D,1000,5,4,3895.205,5308.514999999999,4792.358749999999,29.490905704836884,1.5787011541278442,7.250787075051688,TRUE,TRUE
cosivina-python (numba),1D,1000,10,4,1936.79,2637.925,2374.545,29.527130460783024,1.1422946614692588,5.316242548557261,TRUE,TRUE
cosivina-python (numba),1D,1000,50,4,385.28499999999997,520.625,470.22749999999996,28.781813058572723,0.5728434126658598,2.609127558012193,TRUE,TRUE
cosivina-python (numba),1D,1000,100,4,192.79000000000002,259.93,235.45625,28.514851485148505,1.2528977436834565,4.834723316286763,TRUE,TRUE
cosivina-python (numba),2D,100,5,4,205.84,421.865,359.31125000000003,60.12196946240898,2.1081846926629497,9.527213265640839,TRUE,TRUE
cosivina-python (numba),2D,100,10,4,99.97,211.14499999999998,178.84625,62.16233217078915,1.197508791363688,5.659830205093859,TRUE,TRUE
cosivina-python (numba),2D,100,50,4,19.585,40.99,34.78,61.543990799309945,1.4081298243210953,5.106942407847507,TRUE,TRUE
cosivina-python (numba),2D,100,100,4,9.905,20.305,17.20625,60.44315292408282,1.1519751855884512,4.405754020914071,TRUE,TRUE
cosivina-python (numba),2D,200,5,4,52.405,113.82,93.85,65.43953116675546,1.0979915864254561,3.6998629029423085,TRUE,TRUE
cosivina-python (numba),2D,200,10,4,25.97,55.735,45.69625,65.13663593839757,1.1026018202952172,4.385249245329197,TRUE,TRUE
cosivina-python (numba),2D,200,50,4,5.07,11.129999999999999,9.10875,66.52943598188553,1.0881343975563498,3.5319688462234993,TRUE,TRUE
cosivina-python (numba),2D,200,100,4,2.545,5.51,4.505,65.8157602663707,0.8397040099167218,3.293935283859716,TRUE,TRUE
cosivina-python (numba),2D,500,5,4,8.205,17.845,14.475,66.59758203799655,0.8693936987686524,3.7057832678270644,TRUE,TRUE
cosivina-python (numba),2D,500,10,4,4.1,9.01,7.20625,68.13529921942758,1.010755395434635,3.9729837107667834,TRUE,TRUE
cosivina-python (numba),2D,500,50,4,0.82,1.79,1.4425,67.24436741767765,0.6099777663265462,2.4509803921568514,TRUE,TRUE
cosivina-python (numba),2D,500,100,4,0.41,0.9,0.72,68.05555555555557,0.7267974820235168,2.4449877750611133,TRUE,TRUE
dnfc,1D,100,5,4,170109.45500000002,205812.635,191753.3225,18.619327964969155,2.612621229165251,11.795736737278114,TRUE,TRUE
dnfc,1D,100,10,4,83868.13500000001,106711.78,98240.89125,23.25268501673939,2.603301331298006,9.940523954566432,TRUE,TRUE
dnfc,1D,100,50,4,17502.375,21556.375,19896.61,20.375330269829885,1.223492304343394,5.72754598744468,TRUE,TRUE
dnfc,1D,100,100,4,8695.11,10628.665,9622.9375,20.09318880019745,1.0155176101613752,4.7874837822939265,TRUE,TRUE
dnfc,1D,500,5,4,37143.815,48426.384999999995,44112.50875,25.576804221092942,3.024451423907001,11.332428316831368,TRUE,TRUE
dnfc,1D,500,10,4,19962.809999999998,24942.45,23043.16875,21.610048748178365,1.1866611428800165,5.532529161543862,TRUE,TRUE
dnfc,1D,500,50,4,3939.4300000000003,4844.755,4478.83375,20.213409350146115,0.8578548944595589,3.8059794327417613,TRUE,TRUE
dnfc,1D,500,100,4,1920.75,2367.44,2211.63375,20.19728628214324,0.7566256680616564,3.097555546791309,TRUE,TRUE
dnfc,1D,1000,5,4,21678.34,25536.85,23658.16625,16.309421276469383,1.3361541313987602,5.855311042453434,TRUE,TRUE
dnfc,1D,1000,10,4,10806.705,12708.695,11859.981249999999,16.037040530734398,1.0754854643418013,5.550323135088737,TRUE,TRUE
dnfc,1D,1000,50,4,2088.325,2525.3999999999996,2329.035,18.766356022988056,0.7336302960030999,3.1664165745869983,TRUE,TRUE
dnfc,1D,1000,100,4,1027.455,1240.27,1145.58125,18.57703240167383,1.2344095342534525,4.89167798637332,TRUE,TRUE
dnfc,2D,100,5,4,1513.75,1987.12,1846.20375,25.640181913832635,2.064716903735992,7.561905586119369,TRUE,TRUE
dnfc,2D,100,10,4,717.9549999999999,982.395,856.64625,30.869218186620216,2.699489007404162,9.988991309729753,TRUE,TRUE
dnfc,2D,100,50,4,118.555,166.12,145.4725,32.69690147622403,1.2602675738130593,4.4606757956970835,TRUE,TRUE
dnfc,2D,100,100,4,60.435,77.69,71.0525,24.28485978677738,1.6663607574362023,6.441972438983899,TRUE,TRUE
dnfc,2D,200,5,4,360.635,529.77,463.84749999999997,36.463492850559724,1.9632923854026636,7.8496125456913735,TRUE,TRUE
dnfc,2D,200,10,4,164.945,243.96,211.2225,37.40842003100996,1.6926468047080132,7.701948167338502,TRUE,TRUE
dnfc,2D,200,50,4,28.85,39.445,35.43,29.904036127575502,1.0295071626915622,4.835589941972929,TRUE,TRUE
dnfc,2D,200,100,4,13.97,18.985,17.42625,28.778423355569895,1.5170326289341638,6.340122313864122,TRUE,TRUE
dnfc,2D,500,5,4,40.36,58.754999999999995,52.8675,34.794533503570236,1.5813950041026925,7.193711064965877,TRUE,TRUE
dnfc,2D,500,10,4,20.13,29.71,26.5325,36.10666164138322,1.1587460039452122,5.041387062710769,TRUE,TRUE
dnfc,2D,500,50,4,3.995,5.955,5.295,37.01605288007554,1.403712042351668,5.75198781931991,TRUE,TRUE
dnfc,2D,500,100,4,2.04,2.9850000000000003,2.6862500000000002,35.17915309446255,0.7070980641144312,3.353454057679398,TRUE,TRUE
